shipment_id,origin,destination,route,scheduled_departure,scheduled_port_arrival,scheduled_customs_clearance,scheduled_delivery,actual_departure,actual_port_arrival,actual_customs_clearance,actual_delivery,port_congestion,weather_severity,customs_complexity,document_readiness,port_processing_hours,customs_processing_hours,inland_transit_hours,departure_delay_hours,port_delay_hours,customs_delay_hours,inland_delay_hours,total_delay_hours,is_delayed,actual_port_arrival_missing,actual_customs_clearance_missing,actual_delivery_missing
SHP-0001,Shanghai,Hamburg,Shanghai -> Hamburg,2026-03-20 10:00:00,2026-03-25 12:22:06.298855,2026-03-26 09:07:18.606474,2026-03-29 21:07:59.183681,2026-03-20 10:27:36,,2026-03-26 15:32:30.606474,2026-03-30 06:01:59.183681,3,2,3,0.786,16.61,28.21,25.35,0.46,,3.28,2.48,8.9,True,1,0,0
SHP-0002,Santos,Hamburg,Santos -> Hamburg,2026-04-24 03:00:00,2026-04-29 01:15:15.521823,2026-04-30 05:01:11.624926,2026-05-04 06:47:43.483745,2026-04-24 04:06:36,2026-04-29 05:07:27.521823,2026-04-30 12:19:47.624926,2026-05-04 17:08:07.483745,3,2,3,0.195,28.8,13.58,17.55,1.11,2.76,3.44,3.03,10.34,True,0,0,0
SHP-0003,Los Angeles,Rotterdam,Los Angeles -> Rotterdam,2026-03-27 07:00:00,2026-04-01 09:02:15.964570,2026-04-02 08:32:05.939834,2026-04-04 14:37:08.841626,2026-03-27 07:54:36,2026-04-01 10:40:39.964570,,2026-04-04 19:56:56.841626,0,2,2,0.312,41.96,40.97,25.95,0.91,0.73,1.58,2.11,5.33,False,0,1,0
SHP-0004,Hamburg,Los Angeles,Hamburg -> Los Angeles,2026-05-21 13:00:00,2026-05-26 13:49:29.619665,2026-05-27 10:56:35.773211,2026-05-28 21:25:21.882117,2026-05-21 13:48:36,2026-05-26 15:48:17.619665,,2026-05-29 01:52:57.882117,1,1,2,0.471,32.35,39.54,34.85,0.81,1.17,1.5,0.98,4.46,False,0,1,0
SHP-0005,Busan,Santos,Busan -> Santos,2026-02-12 19:00:00,2026-02-17 16:22:35.784135,2026-02-18 14:43:31.284359,2026-02-18 20:43:31.284359,2026-02-12 19:06:00,2026-02-17 16:28:35.784135,2026-02-18 16:18:55.284359,2026-02-18 23:09:55.284359,0,0,2,0.784,35.92,26.63,41.3,0.1,0.0,1.49,0.85,2.44,False,0,0,0
SHP-0006,Rotterdam,Santos,Rotterdam -> Santos,2026-05-06 11:00:00,2026-05-11 09:34:20.116967,2026-05-12 07:59:03.665134,2026-05-16 16:34:58.526152,2026-05-06 11:54:36,2026-05-11 11:41:32.116967,,2026-05-16 22:19:22.526152,1,2,1,0.088,16.25,46.63,44.71,0.91,1.21,1.83,1.79,5.74,False,0,1,0
SHP-0007,Busan,Shanghai,Busan -> Shanghai,2026-06-12 03:00:00,2026-06-16 23:25:42.097359,2026-06-17 21:52:33.648135,2026-06-20 21:23:34.787104,2026-06-12 03:10:48,2026-06-17 00:11:18.097359,,2026-06-20 23:42:10.787104,1,2,0,0.857,39.31,37.9,27.56,0.18,0.58,0.44,1.11,2.31,False,0,1,0
SHP-0008,Rotterdam,Mumbai,Rotterdam -> Mumbai,2026-01-27 16:00:00,2026-02-01 17:03:06.245518,2026-02-02 14:24:59.323012,2026-02-06 00:30:46.028747,2026-01-27 16:33:36,,2026-02-02 18:09:59.323012,2026-02-06 07:34:22.028747,0,3,2,0.347,33.27,12.82,46.51,0.56,,2.48,3.31,7.06,True,1,0,0
SHP-0009,Los Angeles,Busan,Los Angeles -> Busan,2026-02-18 22:00:00,2026-02-23 22:14:53.047787,2026-02-24 21:45:33.697844,2026-02-26 11:22:35.326811,2026-02-18 22:00:36,2026-02-23 22:43:41.047787,2026-02-25 00:47:21.697844,2026-02-26 15:51:23.326811,1,1,3,0.896,17.05,31.95,15.91,0.01,0.47,2.55,1.45,4.48,False,0,0,0
SHP-0010,Singapore,Santos,Singapore -> Santos,2026-01-07 03:00:00,2026-01-12 01:27:03.842663,2026-01-13 04:05:21.787265,2026-01-17 23:29:21.609643,2026-01-07 03:00:00,2026-01-12 02:12:39.842663,2026-01-13 05:25:45.787265,2026-01-18 03:41:21.609643,2,3,1,0.953,22.47,30.54,21.21,0.0,0.76,0.58,2.86,4.2,False,0,0,0
SHP-0011,Santos,Hamburg,Santos -> Hamburg,2026-06-10 02:00:00,2026-06-14 23:47:28.135039,2026-06-16 01:58:02.093084,2026-06-20 09:58:33.610361,2026-06-10 02:47:24,2026-06-15 02:17:28.135039,2026-06-16 05:58:38.093084,2026-06-20 14:53:09.610361,2,1,1,0.094,38.88,21.45,45.73,0.79,1.71,1.51,0.9,4.91,False,0,0,0
SHP-0012,Singapore,Mumbai,Singapore -> Mumbai,2026-05-20 07:00:00,2026-05-25 07:00:32.019244,2026-05-26 04:09:36.267317,2026-05-28 16:11:07.071852,2026-05-20 07:52:12,2026-05-25 10:13:08.019244,2026-05-26 09:24:36.267317,,3,0,0,0.132,36.4,16.39,30.23,0.87,2.34,2.04,1.22,6.47,True,0,0,1
SHP-0013,Mumbai,Rotterdam,Mumbai -> Rotterdam,2026-06-16 01:00:00,2026-06-20 22:36:40.983485,2026-06-21 22:31:12.203991,2026-06-24 03:34:30.250735,2026-06-16 01:56:24,2026-06-21 00:23:28.983485,2026-06-22 03:34:48.203991,2026-06-24 10:34:30.250735,1,1,3,0.286,45.29,12.89,31.99,0.94,0.84,3.28,1.94,7.0,True,0,0,0
SHP-0014,Santos,Dubai,Santos -> Dubai,2026-03-26 15:00:00,2026-03-31 09:12:50.549068,2026-04-01 06:05:13.896175,2026-04-03 19:54:46.186929,2026-03-26 16:30:36,2026-03-31 13:14:38.549068,2026-04-01 13:30:25.896175,2026-04-04 06:01:22.186929,3,1,3,0.233,31.11,33.82,43.24,1.51,2.52,3.39,2.69,10.11,True,0,0,0
SHP-0015,Singapore,Busan,Singapore -> Busan,2026-05-15 20:00:00,2026-05-20 15:15:48.013050,2026-05-21 11:47:44.908130,2026-05-23 07:46:32.676012,2026-05-15 20:19:48,2026-05-20 17:31:24.013050,2026-05-21 15:09:20.908130,2026-05-23 11:56:44.676012,3,1,0,0.825,23.17,17.18,45.15,0.33,1.93,1.1,0.81,4.17,False,0,0,0
SHP-0016,Shanghai,Hamburg,Shanghai -> Hamburg,2026-04-17 12:00:00,2026-04-22 10:43:24.835735,2026-04-23 09:16:02.979327,2026-04-26 08:13:29.964633,2026-04-17 12:42:36,2026-04-22 13:06:12.835735,2026-04-23 13:53:14.979327,2026-04-26 15:15:53.964633,2,2,3,0.851,13.57,18.53,20.52,0.71,1.67,2.24,2.42,7.04,True,0,0,0
SHP-0017,Mumbai,Busan,Mumbai -> Busan,2026-01-18 20:00:00,2026-01-24 00:49:54.615818,2026-01-25 04:40:06.251419,2026-01-27 09:20:34.840555,2026-01-18 20:29:24,2026-01-24 03:18:06.615818,2026-01-25 10:17:18.251419,2026-01-27 17:18:10.840555,3,2,3,0.642,40.04,16.84,31.3,0.49,1.98,3.15,2.34,7.96,True,0,0,0
SHP-0018,Los Angeles,Mumbai,Los Angeles -> Mumbai,2026-03-17 14:00:00,2026-03-22 12:24:36.510197,2026-03-23 11:20:28.612752,2026-03-27 03:10:46.825649,2026-03-17 14:49:48,2026-03-22 13:53:24.510197,2026-03-23 14:04:52.612752,,0,1,1,0.686,22.69,46.16,44.99,0.83,0.65,1.26,1.04,3.78,False,0,0,1
SHP-0019,Busan,Dubai,Busan -> Dubai,2026-02-21 04:00:00,2026-02-26 00:25:43.878423,2026-02-27 01:59:14.064533,2026-03-01 16:05:38.174746,2026-02-21 04:05:24,2026-02-26 01:07:43.878423,2026-02-27 03:44:50.064533,2026-03-01 20:17:38.174746,2,3,0,0.614,15.42,38.13,15.04,0.09,0.61,1.06,2.44,4.2,False,0,0,0
SHP-0020,Busan,Santos,Busan -> Santos,2026-02-15 17:00:00,2026-02-20 12:08:26.125335,2026-02-21 13:04:11.697496,2026-02-23 19:05:27.137207,2026-02-15 17:38:24,,2026-02-21 16:56:23.697496,2026-02-24 00:36:03.137207,2,0,2,0.572,28.78,30.81,39.5,0.64,,2.28,1.64,5.51,False,1,0,0
SHP-0021,Los Angeles,Dubai,Los Angeles -> Dubai,2026-03-17 22:00:00,2026-03-23 00:03:17.197055,2026-03-23 22:43:25.964495,2026-03-29 05:46:15.167055,2026-03-17 23:00:36,2026-03-23 03:47:41.197055,2026-03-24 06:29:37.964495,2026-03-29 17:21:03.167055,3,3,3,0.271,25.11,23.32,17.67,1.01,2.73,4.03,3.81,11.58,True,0,0,0
SHP-0022,Mumbai,Hamburg,Mumbai -> Hamburg,2026-03-28 03:00:00,2026-04-02 08:50:22.482741,2026-04-03 10:34:53.977538,2026-04-05 13:19:17.517290,2026-03-28 03:04:12,2026-04-02 09:31:46.482741,2026-04-03 11:33:41.977538,2026-04-05 14:33:41.517290,1,1,0,0.851,34.93,16.39,33.18,0.07,0.62,0.29,0.26,1.24,False,0,0,0
SHP-0023,Shanghai,Mumbai,Shanghai -> Mumbai,2026-06-15 17:00:00,2026-06-20 12:19:37.419355,2026-06-21 16:18:12.017501,2026-06-22 13:32:40.553867,2026-06-15 17:14:24,2026-06-20 14:20:49.419355,2026-06-21 19:27:12.017501,2026-06-22 17:58:28.553867,3,2,1,0.837,15.83,47.97,35.96,0.24,1.78,1.13,1.28,4.43,False,0,0,0
SHP-0024,Rotterdam,Hamburg,Rotterdam -> Hamburg,2026-06-13 06:00:00,2026-06-18 00:26:02.229093,2026-06-18 20:28:38.608316,2026-06-22 01:32:54.969882,2026-06-13 06:26:24,2026-06-18 02:36:14.229093,2026-06-19 01:16:38.608316,2026-06-22 08:53:54.969882,2,3,2,0.801,20.59,42.58,14.06,0.44,1.73,2.63,2.55,7.35,True,0,0,0
SHP-0025,Rotterdam,Busan,Rotterdam -> Busan,2026-04-01 12:00:00,2026-04-06 13:33:36.511686,2026-04-07 16:22:09.087359,2026-04-07 22:22:09.087359,2026-04-01 12:39:36,2026-04-06 15:07:12.511686,2026-04-07 19:28:09.087359,2026-04-08 04:30:33.087359,2,3,2,0.193,21.75,37.56,47.29,0.66,0.9,1.54,3.04,6.14,True,0,0,0
SHP-0026,Mumbai,Shanghai,Mumbai -> Shanghai,2026-02-03 09:00:00,2026-02-08 08:30:09.819754,2026-02-09 10:46:31.351066,2026-02-12 19:24:04.136470,2026-02-03 10:20:24,2026-02-08 13:00:09.819754,2026-02-09 18:09:55.351066,,3,3,2,0.145,46.06,22.85,32.81,1.34,3.16,2.89,3.73,11.12,True,0,0,1
SHP-0027,Rotterdam,Busan,Rotterdam -> Busan,2026-01-25 22:00:00,2026-01-30 19:39:23.238882,2026-01-31 19:04:46.851436,2026-02-05 03:47:24.058836,2026-01-25 22:27:36,2026-01-30 20:33:59.238882,2026-01-31 21:50:22.851436,2026-02-05 07:59:24.058836,1,1,2,0.412,26.72,19.83,33.18,0.46,0.45,1.85,1.44,4.2,False,0,0,0
SHP-0028,Sydney,Hamburg,Sydney -> Hamburg,2026-04-27 14:00:00,2026-05-02 11:47:40.451359,2026-05-03 14:05:38.499352,2026-05-06 15:04:03.616488,2026-04-27 14:29:24,2026-05-02 13:59:04.451359,2026-05-03 17:40:26.499352,2026-05-06 19:14:15.616488,2,0,1,0.626,24.98,30.46,38.52,0.49,1.7,1.39,0.59,4.17,False,0,0,0
SHP-0029,Los Angeles,Mumbai,Los Angeles -> Mumbai,2026-01-21 01:00:00,2026-01-26 05:06:14.106717,2026-01-27 01:32:54.462724,2026-01-29 21:13:52.145859,2026-01-21 01:32:24,2026-01-26 06:29:38.106717,2026-01-27 03:51:30.462724,2026-01-29 23:54:04.145859,0,2,1,0.173,23.3,38.74,12.53,0.54,0.85,0.92,0.36,2.67,False,0,0,0
SHP-0030,Busan,Los Angeles,Busan -> Los Angeles,2026-06-29 10:00:00,2026-07-04 07:43:53.537229,2026-07-05 09:13:58.290645,2026-07-05 15:13:58.290645,2026-06-29 10:37:12,2026-07-04 10:34:53.537229,,2026-07-05 23:23:34.290645,3,3,1,0.641,12.39,19.53,30.9,0.62,2.23,1.86,3.45,8.16,True,0,1,0
SHP-0031,Sydney,Rotterdam,Sydney -> Rotterdam,2026-03-22 20:00:00,2026-03-27 14:57:38.129054,2026-03-28 17:00:11.638030,2026-04-01 09:05:20.063123,2026-03-22 20:40:12,2026-03-27 16:15:38.129054,2026-03-28 18:54:47.638030,2026-04-01 11:04:08.063123,1,1,1,0.151,18.51,44.66,13.61,0.67,0.63,0.61,0.07,1.98,False,0,0,0
SHP-0032,Hamburg,Santos,Hamburg -> Santos,2026-04-25 13:00:00,2026-04-30 15:02:32.780631,2026-05-01 17:08:44.387579,2026-05-04 23:19:00.884220,2026-04-25 13:39:00,2026-04-30 17:24:44.780631,2026-05-01 21:09:20.387579,,2,2,1,0.54,24.18,42.4,29.37,0.65,1.72,1.64,1.73,5.74,False,0,0,1
SHP-0033,Sydney,Los Angeles,Sydney -> Los Angeles,2026-04-06 12:00:00,2026-04-11 10:46:57.468290,2026-04-12 14:07:16.793259,2026-04-13 21:50:36.220418,2026-04-06 12:57:36,2026-04-11 11:58:57.468290,2026-04-12 15:46:16.793259,2026-04-14 00:10:24.220418,0,1,0,0.339,18.9,12.89,45.39,0.96,0.24,0.45,0.68,2.33,False,0,0,0
SHP-0034,Dubai,Busan,Dubai -> Busan,2026-04-22 21:00:00,2026-04-28 00:08:13.886730,2026-04-29 03:21:49.729443,2026-05-04 21:03:35.893804,2026-04-22 21:00:00,2026-04-28 00:43:37.886730,2026-04-29 06:31:25.729443,2026-05-05 02:19:11.893804,1,1,3,0.782,43.2,16.11,38.37,0.0,0.59,2.57,2.1,5.26,False,0,0,0
SHP-0035,Santos,Hamburg,Santos -> Hamburg,2026-03-04 00:00:00,2026-03-08 18:29:28.908684,2026-03-09 20:42:36.390757,2026-03-11 00:58:11.836633,2026-03-04 00:59:24,,,2026-03-11 08:08:59.836633,0,3,3,0.465,47.21,26.82,40.57,0.99,,3.1,2.57,7.18,True,1,1,0
SHP-0036,Shanghai,Santos,Shanghai -> Santos,2026-01-20 22:00:00,2026-01-26 00:33:32.754081,2026-01-27 02:44:55.909744,2026-01-27 20:02:18.492346,2026-01-20 22:08:24,2026-01-26 01:35:56.754081,2026-01-27 05:43:43.909744,2026-01-28 00:47:18.492346,2,2,2,0.801,13.76,20.44,34.39,0.14,0.9,1.94,1.77,4.75,False,0,0,0
SHP-0037,Dubai,Sydney,Dubai -> Sydney,2026-02-12 09:00:00,2026-02-17 07:10:34.957491,2026-02-18 10:00:11.284020,2026-02-18 16:00:52.178711,2026-02-12 09:54:00,2026-02-17 10:02:10.957491,2026-02-18 16:01:59.284020,2026-02-19 00:25:28.178711,3,2,2,0.397,21.89,43.92,18.75,0.9,1.96,3.17,2.38,8.41,True,0,0,0
SHP-0038,Rotterdam,Los Angeles,Rotterdam -> Los Angeles,2026-04-14 04:00:00,2026-04-19 06:24:38.059637,2026-04-20 07:10:20.189441,2026-04-23 04:45:49.373311,2026-04-14 04:46:48,2026-04-19 08:55:14.059637,2026-04-20 13:15:44.189441,2026-04-23 12:41:01.373311,3,1,3,0.497,16.84,25.15,14.42,0.78,1.73,3.58,1.83,7.92,True,0,0,0
SHP-0039,Santos,Hamburg,Santos -> Hamburg,2026-04-08 23:00:00,2026-04-14 03:45:50.261707,2026-04-15 01:38:41.058673,2026-04-18 09:02:11.305649,2026-04-08 23:24:36,2026-04-14 04:58:26.261707,,,1,3,3,0.53,38.72,33.27,35.52,0.41,0.8,2.87,3.49,7.57,True,0,1,1
SHP-0040,Sydney,Hamburg,Sydney -> Hamburg,2026-03-20 20:00:00,2026-03-26 01:56:11.115554,2026-03-27 03:19:59.522891,2026-03-30 20:06:07.110332,2026-03-20 20:09:00,2026-03-26 02:58:35.115554,2026-03-27 07:06:47.522891,,1,2,3,0.788,18.67,32.24,15.67,0.15,0.89,2.74,2.52,6.3,True,0,0,1
SHP-0041,Shanghai,Singapore,Shanghai -> Singapore,2026-02-14 13:00:00,2026-02-19 12:27:41.090792,2026-02-20 12:35:24.419468,2026-02-22 20:52:14.579932,2026-02-14 13:52:48,2026-02-19 13:51:05.090792,2026-02-20 14:41:24.419468,2026-02-22 23:07:14.579932,0,0,0,0.112,25.84,14.18,37.13,0.88,0.51,0.71,0.15,2.25,False,0,0,0
SHP-0042,Shanghai,Rotterdam,Shanghai -> Rotterdam,2026-04-02 06:00:00,2026-04-07 03:59:49.667756,2026-04-08 03:26:51.885936,2026-04-10 01:11:01.568380,2026-04-02 06:41:24,2026-04-07 05:30:25.667756,2026-04-08 07:49:39.885936,2026-04-10 07:33:13.568380,1,1,3,0.26,23.61,20.73,29.28,0.69,0.82,2.87,1.99,6.37,True,0,0,0
SHP-0043,Rotterdam,Busan,Rotterdam -> Busan,2026-01-09 07:00:00,2026-01-14 12:01:33.161961,2026-01-15 08:05:59.843677,2026-01-19 07:00:49.737827,2026-01-09 07:51:36,2026-01-14 13:35:45.161961,2026-01-15 11:03:35.843677,2026-01-19 12:03:13.737827,0,3,0,0.111,34.33,20.7,32.49,0.86,0.71,1.39,2.08,5.04,False,0,0,0
SHP-0044,Busan,Santos,Busan -> Santos,2026-02-15 05:00:00,2026-02-20 04:27:12.560989,2026-02-21 05:16:51.185274,2026-02-23 02:34:43.593811,2026-02-15 05:33:00,,,2026-02-23 08:19:07.593811,3,0,1,0.813,23.46,40.77,33.63,0.55,,1.76,1.03,5.74,False,1,1,0
SHP-0045,Dubai,Rotterdam,Dubai -> Rotterdam,2026-05-11 20:00:00,2026-05-16 22:51:46.672695,2026-05-17 21:24:00.684024,2026-05-19 06:56:45.083360,2026-05-11 21:06:36,2026-05-17 02:03:46.672695,,2026-05-19 14:23:09.083360,2,0,2,0.126,17.17,36.95,18.23,1.11,2.09,2.69,1.55,7.44,True,0,1,0
SHP-0046,Santos,Sydney,Santos -> Sydney,2026-06-08 09:00:00,2026-06-13 10:27:41.415690,2026-06-14 08:38:49.206805,2026-06-19 00:53:52.695389,2026-06-08 10:07:48,,2026-06-14 13:33:25.206805,2026-06-19 07:19:04.695389,2,1,2,0.295,35.89,42.1,12.65,1.13,,1.98,1.51,6.42,True,1,0,0
SHP-0047,Dubai,Busan,Dubai -> Busan,2026-05-11 18:00:00,2026-05-16 21:06:03.840646,2026-05-18 00:58:06.252435,2026-05-21 04:02:13.572189,2026-05-11 19:04:48,,2026-05-18 06:42:30.252435,2026-05-21 13:22:37.572189,2,3,2,0.012,40.66,30.73,26.69,1.08,,2.75,3.6,9.34,True,1,0,0
SHP-0048,Dubai,Rotterdam,Dubai -> Rotterdam,2026-06-04 23:00:00,2026-06-09 19:32:44.768005,2026-06-10 19:18:15.033584,2026-06-14 12:07:47.896657,2026-06-04 23:52:48,2026-06-09 22:41:44.768005,2026-06-11 02:09:15.033584,2026-06-14 22:01:47.896657,3,2,3,0.379,30.61,38.7,38.32,0.88,2.27,3.7,3.05,9.9,True,0,0,0
SHP-0049,Singapore,Shanghai,Singapore -> Shanghai,2026-05-14 10:00:00,2026-05-19 15:45:02.504176,2026-05-20 14:46:04.270970,2026-05-24 12:40:41.474674,2026-05-14 10:34:48,,2026-05-20 18:21:28.270970,2026-05-24 19:24:29.474674,0,3,3,0.395,23.49,33.91,32.92,0.58,,2.63,3.14,6.73,True,1,0,0
SHP-0050,Rotterdam,Dubai,Rotterdam -> Dubai,2026-01-30 07:00:00,2026-02-04 05:04:25.438982,2026-02-05 08:42:46.512667,2026-02-07 08:11:41.925925,2026-01-30 07:00:00,2026-02-04 06:04:25.438982,2026-02-05 10:28:58.512667,2026-02-07 10:38:05.925925,2,0,0,0.754,43.72,22.01,19.28,0.0,1.0,0.77,0.67,2.44,False,0,0,0
SHP-0051,Singapore,Dubai,Singapore -> Dubai,2026-03-31 21:00:00,2026-04-05 18:01:45.247752,2026-04-06 16:23:14.737500,2026-04-08 23:26:51.870446,2026-03-31 21:00:00,2026-04-05 18:22:45.247752,2026-04-06 18:23:14.737500,2026-04-09 02:35:15.870446,0,1,3,0.902,47.44,47.37,46.31,0.0,0.35,1.65,1.14,3.14,False,0,0,0
SHP-0052,Mumbai,Sydney,Mumbai -> Sydney,2026-01-30 01:00:00,2026-02-03 20:55:25.479479,2026-02-04 23:44:21.154423,2026-02-08 20:31:46.995985,2026-01-30 01:50:24,2026-02-03 22:25:25.479479,2026-02-05 02:38:57.154423,2026-02-09 00:48:34.995985,1,2,2,0.296,25.37,26.57,39.36,0.84,0.66,1.41,1.37,4.28,False,0,0,0
SHP-0053,Rotterdam,Santos,Rotterdam -> Santos,2026-02-02 15:00:00,2026-02-07 14:23:53.921758,2026-02-08 12:21:37.380181,2026-02-10 15:54:00.663076,2026-02-02 15:00:00,2026-02-07 14:30:29.921758,2026-02-08 14:49:13.380181,2026-02-10 20:11:24.663076,1,0,3,0.875,24.22,31.11,20.94,0.0,0.11,2.35,1.83,4.29,False,0,0,0
SHP-0054,Sydney,Los Angeles,Sydney -> Los Angeles,2026-04-07 19:00:00,2026-04-12 14:34:51.808781,2026-04-13 11:35:10.927744,2026-04-17 02:26:17.048101,2026-04-07 19:02:24,,2026-04-13 13:20:46.927744,2026-04-17 05:14:53.048101,1,0,1,0.953,17.89,31.96,19.48,0.04,,1.22,1.05,2.81,False,1,0,0
SHP-0055,Santos,Los Angeles,Santos -> Los Angeles,2026-04-06 15:00:00,2026-04-11 20:51:47.688416,2026-04-12 23:24:34.955035,2026-04-15 21:16:02.857891,2026-04-06 16:24:00,2026-04-11 23:47:35.688416,2026-04-13 04:13:46.955035,2026-04-16 03:21:26.857891,0,1,1,0.153,45.14,24.29,13.8,1.4,1.53,1.89,1.27,6.09,True,0,0,0
SHP-0056,Busan,Los Angeles,Busan -> Los Angeles,2026-04-26 18:00:00,2026-05-01 23:55:13.519131,2026-05-02 22:10:03.335047,2026-05-03 22:18:25.627711,2026-04-26 19:14:24,,2026-05-03 00:53:15.335047,,0,1,1,0.129,17.48,34.76,26.15,1.24,,0.98,1.0,3.72,False,1,0,1
SHP-0057,Sydney,Busan,Sydney -> Busan,2026-03-03 13:00:00,2026-03-08 15:08:13.663430,2026-03-09 17:54:18.681196,2026-03-13 19:14:43.872879,2026-03-03 13:00:36,2026-03-08 15:35:49.663430,2026-03-09 19:24:54.681196,,0,3,1,0.892,38.99,47.71,31.13,0.01,0.45,1.05,2.32,3.83,False,0,0,1
SHP-0058,Rotterdam,Hamburg,Rotterdam -> Hamburg,2026-04-02 17:00:00,2026-04-07 16:01:53.802678,2026-04-08 17:12:29.470465,2026-04-09 17:28:41.624928,2026-04-02 17:36:36,2026-04-07 19:13:53.802678,2026-04-08 22:49:05.470465,2026-04-10 01:04:41.624928,3,2,1,0.44,16.53,15.3,36.03,0.61,2.59,2.41,1.99,7.6,True,0,0,0
SHP-0059,Dubai,Singapore,Dubai -> Singapore,2026-05-01 04:00:00,2026-05-06 01:18:06.589106,2026-05-06 22:24:39.838598,2026-05-10 01:44:02.661326,2026-05-01 04:01:12,2026-05-06 01:29:30.589106,2026-05-07 00:12:39.838598,2026-05-10 04:57:50.661326,0,1,2,0.91,19.29,31.51,37.25,0.02,0.17,1.61,1.43,3.23,False,0,0,0
SHP-0060,Mumbai,Dubai,Mumbai -> Dubai,2026-01-05 12:00:00,2026-01-10 16:30:04.648896,2026-01-11 17:22:59.199296,2026-01-14 16:59:16.456710,2026-01-05 12:12:36,2026-01-10 17:01:52.648896,,2026-01-14 22:02:16.456710,1,0,3,0.854,23.6,31.6,29.63,0.21,0.32,2.78,1.74,5.05,False,0,1,0
SHP-0061,Shanghai,Hamburg,Shanghai -> Hamburg,2026-05-18 05:00:00,2026-05-23 04:46:02.249657,2026-05-24 04:25:08.072859,2026-05-28 18:21:59.060985,2026-05-18 06:15:00,2026-05-23 09:18:26.249657,2026-05-24 11:53:56.072859,2026-05-29 04:19:35.060985,3,2,2,0.289,21.28,33.09,26.76,1.25,3.29,2.94,2.48,9.96,True,0,0,0
SHP-0062,Santos,Rotterdam,Santos -> Rotterdam,2026-01-25 16:00:00,2026-01-30 11:23:18.420028,2026-01-31 10:30:32.222625,2026-02-02 00:25:30.026317,2026-01-25 17:25:12,2026-01-30 15:07:06.420028,2026-01-31 16:02:20.222625,2026-02-02 07:18:18.026317,3,1,0,0.154,27.22,34.31,45.58,1.42,2.31,1.8,1.35,6.88,True,0,0,0
SHP-0063,Los Angeles,Rotterdam,Los Angeles -> Rotterdam,2026-05-30 13:00:00,2026-06-04 12:04:55.001050,2026-06-05 12:29:57.926993,2026-06-07 16:02:23.748362,2026-05-30 13:49:48,2026-06-04 13:47:31.001050,2026-06-05 16:05:57.926993,,0,1,2,0.653,47.71,47.98,30.59,0.83,0.88,1.89,1.47,5.07,False,0,0,1
SHP-0064,Mumbai,Dubai,Mumbai -> Dubai,2026-03-05 07:00:00,2026-03-10 10:59:07.587252,2026-03-11 13:33:19.033906,2026-03-14 07:08:41.483937,2026-03-05 07:20:24,2026-03-10 14:10:31.587252,,2026-03-14 13:48:53.483937,3,1,1,0.749,40.85,29.69,44.15,0.34,2.85,2.08,1.4,6.67,True,0,1,0
SHP-0065,Shanghai,Singapore,Shanghai -> Singapore,2026-03-20 20:00:00,2026-03-25 14:25:05.016732,2026-03-26 15:38:10.035798,2026-03-29 23:39:44.816481,2026-03-20 20:53:24,,2026-03-26 20:12:22.035798,2026-03-30 05:31:20.816481,3,1,0,0.147,42.99,41.63,31.4,0.89,,1.64,1.29,5.86,False,1,0,0
SHP-0066,Los Angeles,Hamburg,Los Angeles -> Hamburg,2026-03-25 07:00:00,2026-03-30 03:37:48.974152,2026-03-31 01:17:50.299185,2026-04-04 07:50:33.856595,2026-03-25 08:11:24,,2026-03-31 05:26:50.299185,,1,3,0,0.086,18.35,18.31,41.63,1.19,,1.49,2.46,6.61,True,1,0,1
SHP-0067,Santos,Busan,Santos -> Busan,2026-06-07 10:00:00,2026-06-12 06:38:58.470196,2026-06-13 07:53:53.397914,2026-06-16 13:56:40.274795,2026-06-07 10:26:24,2026-06-12 07:05:22.470196,2026-06-13 09:35:17.397914,2026-06-16 16:35:04.274795,0,1,2,0.566,31.83,41.83,37.58,0.44,0.0,1.25,0.95,2.64,False,0,0,0
SHP-0068,Santos,Shanghai,Santos -> Shanghai,2026-04-12 03:00:00,2026-04-17 00:14:54.100097,2026-04-18 00:25:25.352055,2026-04-20 21:02:45.470839,2026-04-12 03:19:48,2026-04-17 01:29:18.100097,2026-04-18 04:05:01.352055,,1,1,2,0.677,14.38,12.04,19.64,0.33,0.91,2.42,1.57,5.23,False,0,0,1
SHP-0069,Shanghai,Los Angeles,Shanghai -> Los Angeles,2026-02-08 11:00:00,2026-02-13 07:20:45.017214,2026-02-14 08:46:55.395079,2026-02-18 14:18:52.727456,2026-02-08 11:49:48,2026-02-13 09:26:45.017214,2026-02-14 12:27:43.395079,,2,3,0,0.207,27.22,18.34,16.85,0.83,1.27,1.58,2.6,6.28,True,0,0,1
SHP-0070,Mumbai,Singapore,Mumbai -> Singapore,2026-06-09 00:00:00,2026-06-13 19:11:52.701670,2026-06-14 16:03:25.906811,2026-06-20 08:42:26.186565,2026-06-09 01:12:00,2026-06-13 23:19:40.701670,2026-06-14 23:21:25.906811,2026-06-20 18:22:38.186565,3,1,2,0.122,42.69,39.15,41.51,1.2,2.93,3.17,2.37,9.67,True,0,0,0
SHP-0071,Santos,Busan,Santos -> Busan,2026-01-31 19:00:00,2026-02-05 18:59:01.228425,2026-02-06 18:55:58.984222,2026-02-08 00:29:44.939403,2026-01-31 19:54:36,2026-02-05 22:18:49.228425,2026-02-07 00:46:58.984222,2026-02-08 09:39:20.939403,3,3,1,0.398,33.05,16.61,23.56,0.91,2.42,2.52,3.31,9.16,True,0,0,0
SHP-0072,Dubai,Hamburg,Dubai -> Hamburg,2026-06-16 19:00:00,2026-06-21 17:41:52.453516,2026-06-22 16:19:55.212352,2026-06-25 13:32:57.038954,2026-06-16 19:52:12,2026-06-21 21:21:28.453516,2026-06-22 22:51:07.212352,2026-06-25 23:28:45.038954,3,3,2,0.462,35.72,31.96,23.55,0.87,2.79,2.86,3.41,9.93,True,0,0,0
SHP-0073,Hamburg,Sydney,Hamburg -> Sydney,2026-05-16 12:00:00,2026-05-21 15:55:17.322899,2026-05-22 19:20:29.462856,2026-05-26 20:20:16.829781,2026-05-16 13:01:48,2026-05-21 17:37:17.322899,2026-05-22 23:06:41.462856,2026-05-27 01:32:52.829781,1,0,2,0.053,46.04,26.13,45.26,1.03,0.67,2.07,1.44,5.21,False,0,0,0
SHP-0074,Santos,Rotterdam,Santos -> Rotterdam,2026-03-31 04:00:00,2026-04-04 22:03:56.438302,2026-04-06 00:21:31.950022,2026-04-08 23:14:33.785190,2026-03-31 04:41:24,2026-04-04 23:41:44.438302,2026-04-06 04:48:31.950022,2026-04-09 07:03:45.785190,1,3,3,0.373,32.34,21.73,17.78,0.69,0.94,2.82,3.37,7.82,True,0,0,0
SHP-0075,Santos,Sydney,Santos -> Sydney,2026-06-08 13:00:00,2026-06-13 08:12:47.786368,2026-06-14 10:42:03.517953,2026-06-19 09:15:35.366059,2026-06-08 13:00:00,2026-06-13 08:43:23.786368,2026-06-14 12:58:51.517953,,1,0,2,0.982,33.86,27.3,25.32,0.0,0.51,1.77,1.47,3.75,False,0,0,1
SHP-0076,Shanghai,Busan,Shanghai -> Busan,2026-04-04 12:00:00,2026-04-09 14:16:53.476446,2026-04-10 11:35:19.157410,2026-04-13 00:14:48.341864,2026-04-04 12:04:48,2026-04-09 14:54:41.476446,2026-04-10 12:49:07.157410,,1,0,1,0.619,13.44,28.62,30.8,0.08,0.55,0.6,0.52,1.75,False,0,0,1
SHP-0077,Santos,Singapore,Santos -> Singapore,2026-06-25 05:00:00,2026-06-30 06:49:12.121015,2026-07-01 09:47:28.702713,2026-07-02 22:55:33.579912,2026-06-25 06:17:24,2026-06-30 08:39:00.121015,2026-07-01 12:30:04.702713,2026-07-03 02:24:21.579912,0,1,1,0.431,13.29,31.25,47.77,1.29,0.54,0.88,0.77,3.48,False,0,0,0
SHP-0078,Dubai,Santos,Dubai -> Santos,2026-01-22 06:00:00,2026-01-27 10:00:59.371099,2026-01-28 07:15:45.192023,2026-02-01 11:16:43.305569,2026-01-22 06:06:36,2026-01-27 10:09:59.371099,,2026-02-01 14:22:07.305569,0,0,3,0.567,26.3,28.02,14.27,0.11,0.04,1.69,1.25,3.09,False,0,1,0
SHP-0079,Rotterdam,Hamburg,Rotterdam -> Hamburg,2026-05-30 03:00:00,2026-06-04 07:06:21.081118,2026-06-05 10:39:10.492835,2026-06-05 16:39:10.492835,2026-05-30 03:52:12,2026-06-04 10:21:21.081118,2026-06-05 16:49:58.492835,2026-06-06 02:24:10.492835,3,3,3,0.546,31.57,44.36,46.98,0.87,2.38,2.93,3.57,9.75,True,0,0,0
SHP-0080,Dubai,Shanghai,Dubai -> Shanghai,2026-05-21 17:00:00,2026-05-26 22:10:05.569905,2026-05-27 23:03:57.534953,2026-05-29 23:18:44.260607,2026-05-21 18:08:24,2026-05-27 00:58:05.569905,2026-05-28 03:02:09.534953,2026-05-30 03:55:56.260607,1,1,0,0.206,47.13,19.87,30.57,1.14,1.66,1.17,0.65,4.62,False,0,0,0
SHP-0081,Sydney,Rotterdam,Sydney -> Rotterdam,2026-06-14 06:00:00,2026-06-19 07:30:42.748849,2026-06-20 05:07:36.525695,2026-06-26 15:10:49.882251,2026-06-14 06:43:48,2026-06-19 09:57:42.748849,2026-06-20 09:33:24.525695,,2,3,2,0.864,46.16,24.52,15.26,0.73,1.72,1.98,2.98,7.41,True,0,0,1
SHP-0082,Mumbai,Sydney,Mumbai -> Sydney,2026-04-28 04:00:00,2026-05-03 03:13:01.621062,2026-05-04 01:02:46.614419,2026-05-07 02:36:05.202597,2026-04-28 04:08:24,2026-05-03 04:27:25.621062,2026-05-04 02:50:46.614419,2026-05-07 06:16:17.202597,2,3,0,0.937,18.76,15.86,29.92,0.14,1.1,0.56,1.87,3.67,False,0,0,0
SHP-0083,Santos,Shanghai,Santos -> Shanghai,2026-04-17 05:00:00,2026-04-22 06:39:04.707946,2026-04-23 03:03:28.711650,2026-04-26 18:59:54.976802,2026-04-17 05:06:00,,2026-04-23 05:17:52.711650,2026-04-26 22:35:54.976802,0,0,1,0.897,29.12,14.17,41.6,0.1,,1.52,1.36,3.6,False,1,0,0
SHP-0084,Mumbai,Dubai,Mumbai -> Dubai,2026-05-01 22:00:00,2026-05-06 20:27:03.412291,2026-05-07 19:51:05.767195,2026-05-09 13:14:32.895186,2026-05-01 22:21:36,2026-05-06 22:42:03.412291,2026-05-08 00:30:05.767195,2026-05-09 19:57:44.895186,3,1,2,0.737,28.55,19.76,38.83,0.36,1.89,2.4,2.07,6.72,True,0,0,0
SHP-0085,Shanghai,Busan,Shanghai -> Busan,2026-01-28 06:00:00,2026-02-02 03:29:45.432394,2026-02-03 03:43:51.903390,2026-02-06 05:32:11.896157,2026-01-28 06:27:00,2026-02-02 04:06:21.432394,2026-02-03 06:00:39.903390,2026-02-06 09:40:35.896157,0,2,3,0.708,18.31,24.88,29.22,0.45,0.16,1.67,1.86,4.14,False,0,0,0
SHP-0086,Los Angeles,Mumbai,Los Angeles -> Mumbai,2026-05-21 13:00:00,2026-05-26 16:46:51.157757,2026-05-27 16:22:00.487992,2026-05-30 13:22:43.415705,2026-05-21 13:16:12,2026-05-26 19:00:39.157757,2026-05-27 19:59:48.487992,2026-05-30 18:17:55.415705,2,1,0,0.361,18.35,28.83,26.11,0.27,1.96,1.4,1.29,4.92,False,0,0,0
SHP-0087,Hamburg,Mumbai,Hamburg -> Mumbai,2026-02-12 12:00:00,2026-02-17 17:09:36.144606,2026-02-18 17:08:36.581966,2026-02-24 08:02:34.493382,2026-02-12 12:00:00,,2026-02-18 21:38:00.581966,2026-02-24 13:57:10.493382,3,0,3,0.999,34.09,44.03,44.71,0.0,,2.23,1.42,5.91,False,1,0,0
SHP-0088,Los Angeles,Sydney,Los Angeles -> Sydney,2026-04-10 15:00:00,2026-04-15 10:18:13.986861,2026-04-16 08:06:19.103645,2026-04-17 23:16:42.839999,2026-04-10 15:04:12,2026-04-15 12:31:25.986861,2026-04-16 13:30:19.103645,2026-04-18 06:37:42.839999,3,0,3,0.995,43.42,44.04,23.32,0.07,2.15,3.18,1.95,7.35,True,0,0,0
SHP-0089,Busan,Rotterdam,Busan -> Rotterdam,2026-02-05 17:00:00,2026-02-10 22:23:29.480194,2026-02-11 21:36:52.412919,2026-02-12 03:36:52.412919,2026-02-05 17:54:36,2026-02-10 23:37:53.480194,2026-02-12 00:27:52.412919,2026-02-12 07:05:40.412919,0,0,2,0.192,18.32,41.23,21.53,0.91,0.33,1.61,0.63,3.48,False,0,0,0
SHP-0090,Singapore,Sydney,Singapore -> Sydney,2026-03-19 23:00:00,2026-03-24 20:02:11.101197,2026-03-25 22:14:33.884486,2026-03-29 13:19:51.873708,2026-03-19 23:00:00,2026-03-24 20:36:23.101197,2026-03-25 23:49:57.884486,2026-03-29 16:01:15.873708,1,2,1,0.835,19.67,12.16,32.56,0.0,0.57,1.02,1.1,2.69,False,0,0,0
SHP-0091,Hamburg,Mumbai,Hamburg -> Mumbai,2026-03-08 05:00:00,2026-03-13 01:20:45.419744,2026-03-14 00:37:34.824807,2026-03-19 03:04:47.577527,2026-03-08 05:31:48,2026-03-13 02:47:45.419744,2026-03-14 04:55:34.824807,2026-03-19 09:50:23.577527,0,2,3,0.642,36.85,47.39,26.83,0.53,0.92,2.85,2.46,6.76,True,0,0,0
SHP-0092,Singapore,Rotterdam,Singapore -> Rotterdam,2026-02-03 09:00:00,2026-02-08 06:28:23.363364,2026-02-09 08:50:29.904256,2026-02-11 12:19:05.771628,2026-02-03 09:45:00,2026-02-08 08:48:47.363364,2026-02-09 14:45:41.904256,2026-02-11 20:52:41.771628,1,2,3,0.266,21.87,21.17,16.86,0.75,1.59,3.58,2.64,8.56,True,0,0,0
SHP-0093,Dubai,Hamburg,Dubai -> Hamburg,2026-05-21 03:00:00,2026-05-26 08:00:31.489456,2026-05-27 10:49:00.206514,2026-05-27 22:59:50.257267,2026-05-21 04:13:12,2026-05-26 10:00:31.489456,,2026-05-28 01:56:50.257267,0,0,0,0.051,43.23,23.01,34.28,1.22,0.78,0.58,0.37,2.95,False,0,1,0
SHP-0094,Rotterdam,Sydney,Rotterdam -> Sydney,2026-05-15 01:00:00,2026-05-20 03:59:32.043625,2026-05-21 02:17:42.264055,2026-05-22 07:13:59.726440,2026-05-15 01:27:00,2026-05-20 07:25:20.043625,2026-05-21 07:38:06.264055,2026-05-22 15:00:11.726440,3,3,0,0.503,30.19,32.98,26.22,0.45,2.98,1.91,2.43,7.77,True,0,0,0
SHP-0095,Hamburg,Mumbai,Hamburg -> Mumbai,2026-06-22 00:00:00,2026-06-27 05:00:51.551854,2026-06-28 08:53:16.087485,2026-07-01 19:51:13.600592,2026-06-22 00:39:36,,2026-06-28 12:10:04.087485,,2,1,2,0.474,47.52,15.38,26.85,0.66,,1.47,1.38,4.66,False,1,0,1
SHP-0096,Hamburg,Singapore,Hamburg -> Singapore,2026-03-02 05:00:00,2026-03-07 06:54:06.369195,2026-03-08 09:32:18.716977,2026-03-10 06:42:54.537071,2026-03-02 05:31:12,2026-03-07 09:10:18.369195,,2026-03-10 10:53:06.537071,2,1,0,0.712,32.29,29.84,13.99,0.52,1.75,1.39,0.51,4.17,False,0,1,0
SHP-0097,Santos,Los Angeles,Santos -> Los Angeles,2026-05-15 17:00:00,2026-05-20 13:35:27.950947,2026-05-21 13:50:29.182286,2026-05-24 16:38:00.600144,2026-05-15 18:00:00,2026-05-20 17:26:27.950947,2026-05-21 19:33:05.182286,2026-05-25 01:30:48.600144,3,3,0,0.231,12.98,46.51,37.56,1.0,2.85,1.86,3.17,8.88,True,0,0,0
SHP-0098,Shanghai,Santos,Shanghai -> Santos,2026-05-27 01:00:00,2026-06-01 01:56:35.921622,2026-06-01 23:04:17.507861,2026-06-02 05:04:17.507861,2026-05-27 01:21:36,2026-06-01 02:38:35.921622,2026-06-02 02:45:41.507861,2026-06-02 10:11:29.507861,1,0,3,0.922,23.96,18.09,19.62,0.36,0.34,2.99,1.43,5.12,False,0,0,0
SHP-0099,Sydney,Dubai,Sydney -> Dubai,2026-05-20 00:00:00,2026-05-25 04:35:09.963038,2026-05-26 05:41:37.827838,2026-05-28 10:16:01.196180,2026-05-20 00:29:24,,2026-05-26 09:11:01.827838,2026-05-28 16:32:13.196180,2,3,2,0.447,24.46,28.84,18.11,0.49,,1.88,2.78,6.27,True,1,0,0
SHP-0100,Sydney,Santos,Sydney -> Santos,2026-01-14 21:00:00,2026-01-19 18:41:31.148148,2026-01-20 16:25:29.872237,2026-01-24 19:29:34.204312,2026-01-14 22:18:36,2026-01-19 22:34:19.148148,2026-01-20 23:19:29.872237,2026-01-25 04:54:10.204312,3,2,3,0.295,32.48,22.43,31.95,1.31,2.57,3.02,2.51,9.41,True,0,0,0
SHP-0101,Sydney,Shanghai,Sydney -> Shanghai,2026-03-22 01:00:00,2026-03-26 20:02:25.936093,2026-03-27 17:49:10.132416,2026-03-30 06:06:45.290364,2026-03-22 01:37:48,2026-03-26 21:48:01.936093,2026-03-27 21:35:22.132416,2026-03-30 12:29:33.290364,1,3,2,0.237,41.87,31.65,39.38,0.63,1.13,2.01,2.61,6.38,True,0,0,0
SHP-0102,Hamburg,Santos,Hamburg -> Santos,2026-01-13 09:00:00,2026-01-18 08:46:44.756654,2026-01-19 12:09:09.284200,2026-01-20 23:15:25.993711,2026-01-13 09:00:00,2026-01-18 09:35:56.756654,2026-01-19 13:36:45.284200,2026-01-21 01:30:25.993711,2,2,1,0.962,28.22,18.51,19.81,0.0,0.82,0.64,0.79,2.25,False,0,0,0
SHP-0103,Rotterdam,Santos,Rotterdam -> Santos,2026-06-19 23:00:00,2026-06-25 00:31:10.814205,2026-06-25 23:07:46.479035,2026-06-30 10:35:38.119061,2026-06-19 23:18:36,2026-06-25 00:49:46.814205,2026-06-25 23:57:34.479035,2026-06-30 11:58:26.119061,0,1,1,0.76,20.3,44.61,30.01,0.31,0.0,0.52,0.55,1.38,False,0,0,0
SHP-0104,Sydney,Busan,Sydney -> Busan,2026-06-28 00:00:00,2026-07-03 00:19:16.603595,2026-07-04 01:26:00.587251,2026-07-08 13:18:37.481675,2026-06-28 01:12:36,2026-07-03 04:27:40.603595,2026-07-04 10:04:24.587251,,3,1,3,0.204,31.03,41.98,22.92,1.21,2.93,4.5,2.42,11.06,True,0,0,1
SHP-0105,Busan,Sydney,Busan -> Sydney,2026-04-11 04:00:00,2026-04-16 05:38:24.156092,2026-04-17 04:54:23.859144,2026-04-19 14:04:22.593051,2026-04-11 04:30:36,2026-04-16 07:21:36.156092,2026-04-17 07:58:35.859144,,2,3,1,0.331,16.58,18.79,42.62,0.51,1.21,1.35,2.15,5.22,False,0,0,1
SHP-0106,Singapore,Dubai,Singapore -> Dubai,2026-02-19 16:00:00,2026-02-24 10:39:33.191533,2026-02-25 11:18:46.937714,2026-02-27 02:21:05.045540,2026-02-19 17:24:36,2026-02-24 13:07:09.191533,2026-02-25 16:07:22.937714,2026-02-27 08:28:17.045540,0,0,3,0.155,33.84,28.01,27.94,1.41,1.05,2.35,1.31,6.12,True,0,0,0
SHP-0107,Dubai,Rotterdam,Dubai -> Rotterdam,2026-02-06 19:00:00,2026-02-11 21:41:52.086721,2026-02-12 22:29:35.578808,2026-02-17 21:23:06.353489,2026-02-06 20:03:36,2026-02-12 00:14:16.086721,2026-02-13 01:51:47.578808,2026-02-18 02:50:42.353489,2,3,1,0.3,29.18,24.95,20.08,1.06,1.48,0.83,2.09,5.46,False,0,0,0
SHP-0108,Sydney,Hamburg,Sydney -> Hamburg,2026-05-26 05:00:00,2026-05-31 00:14:00.860473,2026-06-01 00:02:01.506860,2026-06-03 04:34:37.400288,2026-05-26 06:04:48,2026-05-31 03:08:36.860473,2026-06-01 04:30:13.506860,2026-06-03 10:34:37.400288,2,2,0,0.043,20.05,28.38,26.9,1.08,1.83,1.56,1.53,6.0,False,0,0,0
SHP-0109,Los Angeles,Busan,Los Angeles -> Busan,2026-01-03 20:00:00,2026-01-09 01:38:32.707935,2026-01-10 04:53:22.691837,2026-01-13 02:59:01.819432,2026-01-03 21:00:00,2026-01-09 05:10:56.707935,2026-01-10 11:11:58.691837,,3,0,2,0.078,42.59,34.1,34.13,1.0,2.54,2.77,1.14,7.45,True,0,0,1
SHP-0110,Los Angeles,Busan,Los Angeles -> Busan,2026-04-02 13:00:00,2026-04-07 18:38:00.610817,2026-04-08 20:29:54.595684,2026-04-14 06:09:33.275959,2026-04-02 13:38:24,2026-04-07 20:17:36.610817,2026-04-08 23:03:30.595684,2026-04-14 10:45:33.275959,1,3,0,0.22,28.7,45.93,38.43,0.64,1.02,0.9,2.04,4.6,False,0,0,0
SHP-0111,Singapore,Rotterdam,Singapore -> Rotterdam,2026-05-05 15:00:00,2026-05-10 10:48:25.846009,2026-05-11 07:30:51.831981,2026-05-14 13:57:28.756534,2026-05-05 15:43:12,2026-05-10 14:19:01.846009,2026-05-11 13:48:15.831981,2026-05-14 23:54:28.756534,3,3,1,0.071,29.11,39.14,22.26,0.72,2.79,2.78,3.66,9.95,True,0,0,0
SHP-0112,Busan,Rotterdam,Busan -> Rotterdam,2026-06-09 16:00:00,2026-06-14 11:41:58.803416,2026-06-15 08:55:16.279271,2026-06-17 16:19:38.277601,2026-06-09 16:49:48,2026-06-14 13:23:58.803416,2026-06-15 11:11:28.279271,,1,0,0,0.287,17.03,27.88,26.92,0.83,0.87,0.57,0.0,2.27,False,0,0,1
SHP-0113,Shanghai,Mumbai,Shanghai -> Mumbai,2026-02-14 08:00:00,2026-02-19 06:43:43.909284,2026-02-20 09:12:40.622876,2026-02-20 15:12:40.622876,2026-02-14 08:18:36,2026-02-19 07:36:31.909284,2026-02-20 12:04:16.622876,2026-02-20 21:01:52.622876,1,3,2,0.594,12.79,30.54,24.41,0.31,0.57,1.98,2.96,5.82,False,0,0,0
SHP-0114,Santos,Singapore,Santos -> Singapore,2026-05-22 12:00:00,2026-05-27 17:08:59.825714,2026-05-28 20:59:52.764281,2026-05-31 14:42:35.868861,2026-05-22 12:32:24,2026-05-27 19:22:47.825714,2026-05-29 00:25:04.764281,,2,1,1,0.547,17.28,24.11,47.56,0.54,1.69,1.19,1.31,4.73,False,0,0,1
SHP-0115,Rotterdam,Shanghai,Rotterdam -> Shanghai,2026-01-10 17:00:00,2026-01-15 14:11:22.966653,2026-01-16 14:13:20.007162,2026-01-19 04:21:59.654422,2026-01-10 17:04:12,2026-01-15 16:17:22.966653,2026-01-16 17:12:08.007162,2026-01-19 08:30:23.654422,3,2,1,0.93,30.09,46.96,21.32,0.07,2.03,0.88,1.16,4.14,False,0,0,0
SHP-0116,Busan,Santos,Busan -> Santos,2026-02-03 16:00:00,2026-02-08 10:22:22.206723,2026-02-09 09:30:27.132768,2026-02-11 06:41:56.863667,2026-02-03 17:11:24,2026-02-08 12:37:58.206723,2026-02-09 13:26:15.132768,2026-02-11 12:35:56.863667,1,2,2,0.181,36.29,21.49,24.79,1.19,1.07,1.67,1.97,5.9,False,0,0,0
SHP-0117,Busan,Shanghai,Busan -> Shanghai,2026-03-03 17:00:00,2026-03-08 16:56:06.729676,2026-03-09 13:55:36.145644,2026-03-13 16:15:24.854221,2026-03-03 17:56:24,2026-03-08 18:12:18.729676,2026-03-09 16:46:36.145644,2026-03-13 20:47:12.854221,0,2,2,0.131,41.05,45.73,33.84,0.94,0.33,1.58,1.68,4.53,False,0,0,0
SHP-0118,Rotterdam,Hamburg,Rotterdam -> Hamburg,2026-04-21 08:00:00,2026-04-26 13:07:55.274986,2026-04-27 11:14:55.014187,2026-04-28 07:48:54.984106,2026-04-21 08:37:48,2026-04-26 14:12:43.274986,2026-04-27 12:43:07.014187,2026-04-28 10:56:06.984106,0,3,0,0.24,21.86,13.18,22.06,0.63,0.45,0.39,1.65,3.12,False,0,0,0
SHP-0119,Busan,Singapore,Busan -> Singapore,2026-05-17 14:00:00,2026-05-22 19:08:32.330762,2026-05-23 19:10:33.848201,2026-05-24 11:44:24.568341,2026-05-17 14:29:24,2026-05-22 22:21:44.330762,2026-05-24 00:11:09.848201,2026-05-24 19:27:36.568341,3,3,1,0.774,39.53,42.39,44.24,0.49,2.73,1.79,2.71,7.72,True,0,0,0
SHP-0120,Hamburg,Los Angeles,Hamburg -> Los Angeles,2026-01-17 06:00:00,2026-01-22 00:24:36.550552,2026-01-23 02:34:17.934696,2026-01-25 01:21:53.023776,2026-01-17 06:18:00,2026-01-22 02:00:36.550552,,2026-01-25 07:50:05.023776,2,3,2,0.857,15.52,21.93,26.91,0.3,1.3,1.75,3.12,6.47,True,0,1,0
SHP-0121,Hamburg,Santos,Hamburg -> Santos,2026-03-18 18:00:00,2026-03-23 18:01:48.520531,2026-03-24 17:22:19.527178,2026-03-27 10:36:38.024106,2026-03-18 19:19:48,2026-03-23 21:03:00.520531,2026-03-24 23:03:43.527178,2026-03-27 18:07:14.024106,1,1,2,0.152,24.67,32.37,26.88,1.33,1.69,2.67,1.82,7.51,True,0,0,0
SHP-0122,Santos,Sydney,Santos -> Sydney,2026-01-31 05:00:00,2026-02-05 06:00:35.804845,2026-02-06 04:07:03.145098,2026-02-07 03:15:17.204537,2026-01-31 05:46:48,2026-02-05 08:49:11.804845,2026-02-06 08:27:27.145098,2026-02-07 09:32:05.204537,3,3,0,0.564,37.96,14.12,33.52,0.78,2.03,1.53,1.94,6.28,True,0,0,0
SHP-0123,Santos,Singapore,Santos -> Singapore,2026-02-03 06:00:00,2026-02-08 07:03:05.830905,2026-02-09 08:47:46.026200,2026-02-10 13:00:47.497423,2026-02-03 07:16:48,2026-02-08 10:03:41.830905,2026-02-09 12:41:46.026200,2026-02-10 17:43:23.497423,1,1,0,0.104,47.99,28.39,43.41,1.28,1.73,0.89,0.81,4.71,False,0,0,0
SHP-0124,Singapore,Mumbai,Singapore -> Mumbai,2026-03-23 17:00:00,2026-03-28 13:16:49.953329,2026-03-29 16:28:03.164386,2026-03-31 05:39:04.983474,2026-03-23 18:13:12,,2026-03-29 20:28:03.164386,2026-03-31 10:50:28.983474,1,1,2,0.067,13.4,35.53,24.2,1.22,,2.06,1.19,5.19,False,1,0,0
SHP-0125,Santos,Mumbai,Santos -> Mumbai,2026-04-07 11:00:00,2026-04-12 05:43:39.248063,2026-04-13 04:40:42.945428,2026-04-15 20:37:58.386099,2026-04-07 11:48:00,2026-04-12 07:26:15.248063,2026-04-13 07:46:42.945428,2026-04-16 01:39:10.386099,1,2,1,0.197,21.43,34.57,25.97,0.8,0.91,1.39,1.92,5.02,False,0,0,0
SHP-0126,Rotterdam,Busan,Rotterdam -> Busan,2026-05-23 08:00:00,2026-05-28 07:08:57.071247,2026-05-29 08:44:08.641394,2026-05-31 10:23:26.074427,2026-05-23 09:06:36,2026-05-28 08:40:45.071247,2026-05-29 11:12:20.641394,2026-05-31 15:10:50.074427,0,3,1,0.093,32.23,16.56,39.05,1.11,0.42,0.94,2.32,4.79,False,0,0,0
SHP-0127,Santos,Los Angeles,Santos -> Los Angeles,2026-01-07 02:00:00,2026-01-11 22:35:42.834183,2026-01-13 01:28:40.795838,2026-01-17 08:04:41.845763,2026-01-07 02:45:00,2026-01-12 01:09:18.834183,2026-01-13 05:36:28.795838,,2,1,1,0.188,24.2,37.34,19.36,0.75,1.81,1.57,1.15,5.28,False,0,0,1
SHP-0128,Dubai,Sydney,Dubai -> Sydney,2026-02-25 14:00:00,2026-03-02 08:28:27.420327,2026-03-03 10:18:07.698094,2026-03-03 16:18:07.698094,2026-02-25 14:00:00,2026-03-02 08:38:39.420327,2026-03-03 10:51:43.698094,2026-03-03 19:03:43.698094,1,3,0,0.729,46.16,39.23,28.98,0.0,0.17,0.39,2.2,2.76,False,0,0,0
SHP-0129,Sydney,Busan,Sydney -> Busan,2026-01-15 09:00:00,2026-01-20 05:10:06.507657,2026-01-21 03:59:07.577306,2026-01-24 10:20:07.269631,2026-01-15 09:01:12,2026-01-20 05:52:42.507657,2026-01-21 04:41:43.577306,2026-01-24 11:42:55.269631,1,1,0,0.764,29.87,45.09,13.17,0.02,0.69,0.0,0.67,1.38,False,0,0,0
SHP-0130,Sydney,Rotterdam,Sydney -> Rotterdam,2026-03-31 19:00:00,2026-04-05 17:31:14.964019,2026-04-06 20:08:05.719984,2026-04-08 14:35:07.933814,2026-03-31 19:00:00,2026-04-05 18:40:50.964019,2026-04-06 22:33:17.719984,2026-04-08 18:58:31.933814,2,2,1,0.69,43.26,25.3,32.44,0.0,1.16,1.26,1.97,4.39,False,0,0,0
SHP-0131,Santos,Busan,Santos -> Busan,2026-05-31 01:00:00,2026-06-04 19:17:06.281079,2026-06-05 15:44:07.398893,2026-06-09 06:39:58.755359,2026-05-31 01:34:12,2026-06-04 20:29:06.281079,2026-06-05 17:43:31.398893,2026-06-09 09:57:58.755359,0,2,0,0.548,27.34,40.64,29.6,0.57,0.63,0.79,1.31,3.3,False,0,0,0
SHP-0132,Rotterdam,Dubai,Rotterdam -> Dubai,2026-05-04 18:00:00,2026-05-09 17:01:22.430987,2026-05-10 15:57:19.965616,2026-05-16 06:14:58.717311,2026-05-04 18:58:12,2026-05-09 19:34:58.430987,2026-05-10 20:12:19.965616,2026-05-16 11:29:22.717311,1,1,1,0.327,23.0,21.03,25.14,0.97,1.59,1.69,0.99,5.24,False,0,0,0
SHP-0133,Mumbai,Rotterdam,Mumbai -> Rotterdam,2026-01-02 02:00:00,2026-01-07 05:08:49.258247,2026-01-08 09:02:40.224610,2026-01-10 20:02:02.513173,2026-01-02 03:06:36,2026-01-07 06:46:37.258247,,2026-01-11 00:11:38.513173,0,1,2,0.072,33.32,39.22,24.93,1.11,0.52,1.4,1.13,4.16,False,0,1,0
SHP-0134,Busan,Sydney,Busan -> Sydney,2026-05-23 16:00:00,2026-05-28 20:42:37.792575,2026-05-29 23:09:24.046287,2026-06-01 21:37:45.591568,2026-05-23 16:37:48,2026-05-28 23:43:13.792575,2026-05-30 05:13:36.046287,2026-06-02 05:57:33.591568,3,2,2,0.297,23.87,45.55,36.55,0.63,2.38,3.06,2.26,8.33,True,0,0,0
SHP-0135,Rotterdam,Shanghai,Rotterdam -> Shanghai,2026-06-17 18:00:00,2026-06-22 14:22:32.768245,2026-06-23 16:29:54.019494,2026-06-27 10:53:18.427797,2026-06-17 18:19:12,2026-06-22 15:16:32.768245,2026-06-23 19:46:42.019494,2026-06-27 15:24:30.427797,0,0,3,0.726,14.47,36.91,34.74,0.32,0.58,2.38,1.24,4.52,False,0,0,0
SHP-0136,Sydney,Shanghai,Sydney -> Shanghai,2026-04-30 09:00:00,2026-05-05 12:04:24.418981,2026-05-06 16:03:17.239880,2026-05-07 09:40:20.347892,2026-04-30 09:31:48,,2026-05-06 18:41:05.239880,2026-05-07 12:49:20.347892,1,0,0,0.539,29.33,32.58,13.77,0.53,,1.12,0.52,3.15,False,1,0,0
SHP-0137,Hamburg,Dubai,Hamburg -> Dubai,2026-04-07 00:00:00,2026-04-11 19:12:51.553444,2026-04-12 17:23:58.461817,2026-04-16 11:03:09.366951,2026-04-07 00:02:24,2026-04-11 20:59:03.553444,,2026-04-16 18:36:09.366951,2,3,3,0.679,15.25,33.32,19.98,0.04,1.73,3.01,2.77,7.55,True,0,1,0
SHP-0138,Hamburg,Shanghai,Hamburg -> Shanghai,2026-04-04 06:00:00,2026-04-09 00:36:16.404694,2026-04-09 21:44:55.017852,2026-04-13 16:37:29.982235,2026-04-04 06:19:48,2026-04-09 01:47:40.404694,2026-04-09 23:49:43.017852,2026-04-13 18:47:41.982235,1,0,1,0.944,30.19,20.45,15.81,0.33,0.86,0.89,0.09,2.17,False,0,0,0
SHP-0139,Busan,Santos,Busan -> Santos,2026-03-14 04:00:00,2026-03-19 09:04:46.676219,2026-03-20 12:08:56.265128,2026-03-23 02:38:36.680442,2026-03-14 04:52:12,2026-03-19 10:52:10.676219,,2026-03-23 08:59:36.680442,0,3,2,0.212,41.5,29.95,13.22,0.87,0.92,1.66,2.9,6.35,True,0,1,0
SHP-0140,Shanghai,Sydney,Shanghai -> Sydney,2026-04-26 21:00:00,2026-05-01 20:02:13.863859,2026-05-02 16:59:33.978814,2026-05-06 05:14:13.220712,2026-04-26 21:00:36,2026-05-01 20:43:01.863859,2026-05-02 18:11:33.978814,,1,2,0,0.837,17.25,20.16,31.75,0.01,0.67,0.52,1.36,2.56,False,0,0,1
SHP-0141,Busan,Santos,Busan -> Santos,2026-06-12 22:00:00,2026-06-17 23:34:31.551628,2026-06-19 00:32:11.775363,2026-06-22 01:27:44.016357,2026-06-12 23:13:12,2026-06-18 02:57:19.551628,2026-06-19 06:48:59.775363,2026-06-22 10:05:32.016357,3,2,2,0.016,46.49,33.08,40.13,1.22,2.16,2.9,2.35,8.63,True,0,0,0
SHP-0142,Busan,Shanghai,Busan -> Shanghai,2026-02-01 14:00:00,2026-02-06 11:31:39.092344,2026-02-07 11:52:26.396620,2026-02-09 04:48:35.614962,2026-02-01 14:07:12,2026-02-06 12:19:03.092344,2026-02-07 14:29:38.396620,,1,0,2,0.95,22.27,36.94,12.9,0.12,0.67,1.83,1.19,3.81,False,0,0,1
SHP-0143,Busan,Dubai,Busan -> Dubai,2026-03-13 11:00:00,2026-03-18 06:11:57.920169,2026-03-19 07:26:21.802786,2026-03-20 11:35:14.887983,2026-03-13 11:07:48,2026-03-18 07:01:09.920169,2026-03-19 08:58:09.802786,,0,1,0,0.558,39.04,41.76,31.63,0.13,0.69,0.71,0.08,1.61,False,0,0,1
SHP-0144,Mumbai,Shanghai,Mumbai -> Shanghai,2026-02-05 08:00:00,2026-02-10 07:20:35.089679,2026-02-11 06:01:04.635408,2026-02-15 06:16:04.728848,2026-02-05 09:00:36,2026-02-10 08:43:59.089679,2026-02-11 08:26:52.635408,2026-02-15 09:29:16.728848,0,0,1,0.402,39.64,44.15,35.49,1.01,0.38,1.04,0.79,3.22,False,0,0,0
SHP-0145,Hamburg,Dubai,Hamburg -> Dubai,2026-03-24 16:00:00,2026-03-29 10:22:44.313486,2026-03-30 07:31:56.039375,2026-04-04 16:20:58.837674,2026-03-24 16:00:00,2026-03-29 12:33:32.313486,2026-03-30 11:22:20.039375,2026-04-04 23:34:46.837674,3,3,0,0.666,24.64,43.92,41.49,0.0,2.18,1.66,3.39,7.23,True,0,0,0
SHP-0146,Busan,Santos,Busan -> Santos,2026-06-07 21:00:00,2026-06-12 17:44:24.125206,2026-06-13 21:11:40.664781,2026-06-15 14:14:14.181756,2026-06-07 21:42:36,2026-06-12 20:52:48.125206,,2026-06-15 20:32:14.181756,3,0,1,0.56,24.33,22.39,20.69,0.71,2.43,2.16,1.0,6.3,True,0,1,0
SHP-0147,Singapore,Sydney,Singapore -> Sydney,2026-05-29 09:00:00,2026-06-03 11:35:58.103091,2026-06-04 13:40:45.671422,2026-06-07 22:02:27.387016,2026-05-29 10:02:24,,2026-06-04 19:07:45.671422,2026-06-08 05:23:27.387016,0,1,3,0.291,43.74,38.26,40.75,1.04,,3.09,1.9,7.35,True,1,0,0
SHP-0148,Busan,Santos,Busan -> Santos,2026-03-12 09:00:00,2026-03-17 04:16:16.709822,2026-03-18 02:04:39.035411,2026-03-19 07:51:25.372466,2026-03-12 09:42:36,2026-03-17 05:50:28.709822,2026-03-18 05:02:15.035411,2026-03-19 12:19:01.372466,2,2,1,0.394,20.86,29.7,41.01,0.71,0.86,1.39,1.5,4.46,False,0,0,0
SHP-0149,Busan,Los Angeles,Busan -> Los Angeles,2026-04-15 05:00:00,2026-04-20 04:39:56.640284,2026-04-21 07:12:30.297211,2026-04-23 13:09:06.526913,2026-04-15 05:12:36,2026-04-20 06:39:56.640284,2026-04-21 10:50:18.297211,2026-04-23 17:30:06.526913,2,0,1,0.801,42.73,17.53,32.98,0.21,1.79,1.63,0.72,4.35,False,0,0,0
SHP-0150,Busan,Mumbai,Busan -> Mumbai,2026-06-07 05:00:00,2026-06-12 09:29:53.556668,2026-06-13 06:49:30.498324,2026-06-15 12:49:18.627152,2026-06-07 05:44:24,2026-06-12 12:43:05.556668,2026-06-13 11:42:54.498324,2026-06-15 19:10:18.627152,3,2,0,0.393,43.35,36.8,31.18,0.74,2.48,1.67,1.46,6.35,True,0,0,0
SHP-0151,Sydney,Dubai,Sydney -> Dubai,2026-06-24 01:00:00,2026-06-28 21:59:45.760370,2026-06-29 19:06:43.327191,2026-07-01 03:44:14.760066,2026-06-24 01:34:48,2026-06-28 22:50:45.760370,2026-06-29 20:18:43.327191,2026-07-01 07:01:02.760066,0,3,0,0.503,47.67,12.44,32.03,0.58,0.27,0.35,2.08,3.28,False,0,0,0
SHP-0152,Rotterdam,Singapore,Rotterdam -> Singapore,2026-03-12 12:00:00,2026-03-17 06:01:56.954223,2026-03-18 04:25:21.215457,2026-03-20 21:36:43.801981,2026-03-12 13:18:00,2026-03-17 09:40:56.954223,2026-03-18 10:36:45.215457,2026-03-21 05:32:31.801981,3,0,1,0.272,28.56,18.53,31.07,1.3,2.35,2.54,1.74,7.93,True,0,0,0
SHP-0153,Hamburg,Los Angeles,Hamburg -> Los Angeles,2026-02-07 18:00:00,2026-02-12 17:57:51.516557,2026-02-13 14:13:40.073780,2026-02-17 15:44:21.498763,2026-02-07 18:33:00,2026-02-12 19:06:51.516557,2026-02-13 17:00:28.073780,2026-02-17 19:44:57.498763,0,0,2,0.837,14.91,43.75,40.71,0.55,0.6,1.63,1.23,4.01,False,0,0,0
SHP-0154,Mumbai,Sydney,Mumbai -> Sydney,2026-01-14 14:00:00,2026-01-19 13:20:35.468131,2026-01-20 14:44:45.388886,2026-01-24 09:00:29.007622,2026-01-14 15:01:48,2026-01-19 16:45:47.468131,2026-01-20 21:50:09.388886,2026-01-24 19:45:29.007622,3,3,3,0.162,40.78,43.95,13.76,1.03,2.39,3.67,3.66,10.75,True,0,0,0
SHP-0155,Rotterdam,Hamburg,Rotterdam -> Hamburg,2026-04-25 05:00:00,2026-04-30 01:35:58.564530,2026-05-01 03:08:04.855200,2026-05-03 06:57:27.996385,2026-04-25 05:00:00,2026-04-30 02:46:46.564530,2026-05-01 06:09:52.855200,2026-05-03 11:32:15.996385,1,2,2,0.935,25.87,42.09,14.71,0.0,1.18,1.85,1.55,4.58,False,0,0,0
SHP-0156,Hamburg,Dubai,Hamburg -> Dubai,2026-06-29 00:00:00,2026-07-03 18:44:08.335641,2026-07-04 19:30:09.044622,2026-07-09 10:28:53.270080,2026-06-29 00:48:00,,2026-07-04 21:48:09.044622,2026-07-09 13:29:29.270080,1,1,0,0.329,38.32,18.62,17.97,0.8,,0.64,0.71,3.01,False,1,0,0
SHP-0157,Sydney,Dubai,Sydney -> Dubai,2026-03-20 02:00:00,2026-03-24 23:27:13.349446,2026-03-26 00:53:12.736057,2026-03-28 22:12:02.565721,2026-03-20 02:00:00,2026-03-25 02:07:25.349446,,2026-03-29 08:42:02.565721,3,3,3,0.981,38.61,28.75,19.92,0.0,2.67,3.62,4.21,10.5,True,0,1,0
SHP-0158,Mumbai,Dubai,Mumbai -> Dubai,2026-04-27 11:00:00,2026-05-02 09:27:37.926425,2026-05-03 05:49:33.000246,2026-05-08 17:48:02.061796,2026-04-27 11:58:12,2026-05-02 11:16:13.926425,2026-05-03 08:44:09.000246,2026-05-08 21:29:26.061796,1,1,1,0.438,20.83,19.54,33.16,0.97,0.84,1.1,0.78,3.69,False,0,0,0
SHP-0159,Mumbai,Busan,Mumbai -> Busan,2026-05-17 06:00:00,2026-05-22 07:55:49.506064,2026-05-23 07:23:01.921202,2026-05-24 09:14:50.647021,2026-05-17 06:40:12,2026-05-22 10:48:37.506064,2026-05-23 12:00:49.921202,2026-05-24 15:16:38.647021,3,0,1,0.414,30.91,23.44,15.75,0.67,2.21,1.75,1.4,6.03,True,0,0,0
SHP-0160,Los Angeles,Santos,Los Angeles -> Santos,2026-01-04 10:00:00,2026-01-09 05:25:18.562902,2026-01-10 03:09:22.234299,2026-01-17 02:23:43.910838,2026-01-04 10:46:48,2026-01-09 06:55:18.562902,2026-01-10 05:39:58.234299,2026-01-17 05:19:31.910838,0,0,1,0.529,12.04,17.83,15.37,0.78,0.72,1.01,0.42,2.93,False,0,0,0
SHP-0161,Rotterdam,Dubai,Rotterdam -> Dubai,2026-01-27 21:00:00,2026-02-01 22:24:42.922375,2026-02-02 23:17:39.272984,2026-02-05 18:30:44.460311,2026-01-27 21:00:00,2026-02-02 00:54:06.922375,2026-02-03 03:26:03.272984,2026-02-06 00:49:20.460311,3,2,0,0.975,19.34,34.43,27.12,0.0,2.49,1.65,2.17,6.31,True,0,0,0
SHP-0162,Shanghai,Sydney,Shanghai -> Sydney,2026-06-16 09:00:00,2026-06-21 11:27:09.945172,2026-06-22 08:38:46.449668,2026-06-23 12:14:38.415624,2026-06-16 09:44:24,2026-06-21 14:16:21.945172,2026-06-22 13:36:22.449668,2026-06-23 18:14:38.415624,2,0,2,0.456,17.58,20.79,42.76,0.74,2.08,2.14,1.04,6.0,False,0,0,0
SHP-0163,Sydney,Rotterdam,Sydney -> Rotterdam,2026-05-04 09:00:00,2026-05-09 07:22:55.979171,2026-05-10 08:57:37.709295,2026-05-11 17:15:00.697954,2026-05-04 09:22:48,2026-05-09 08:18:43.979171,2026-05-10 09:53:25.709295,2026-05-11 18:42:36.697954,2,2,0,0.563,43.75,36.01,28.98,0.38,0.55,0.0,0.53,1.46,False,0,0,0
SHP-0164,Santos,Rotterdam,Santos -> Rotterdam,2026-02-21 17:00:00,2026-02-26 14:53:34.324691,2026-02-27 17:16:46.828098,2026-03-04 01:56:08.181910,2026-02-21 17:58:12,2026-02-26 16:55:22.324691,2026-02-27 21:33:34.828098,2026-03-04 08:22:32.181910,1,2,3,0.154,39.96,17.33,44.88,0.97,1.06,2.25,2.16,6.44,True,0,0,0
SHP-0165,Sydney,Dubai,Sydney -> Dubai,2026-02-16 22:00:00,2026-02-21 19:50:43.651056,2026-02-22 18:06:47.458903,2026-02-26 21:14:24.201868,2026-02-16 22:40:12,2026-02-21 22:23:07.651056,2026-02-22 22:31:59.458903,,2,3,0,0.469,35.43,16.61,45.5,0.67,1.87,1.88,2.6,7.02,True,0,0,1
SHP-0166,Hamburg,Singapore,Hamburg -> Singapore,2026-01-18 17:00:00,2026-01-23 11:47:46.441123,2026-01-24 09:43:35.692532,2026-01-28 03:33:44.885218,2026-01-18 18:16:12,2026-01-23 14:59:46.441123,2026-01-24 15:19:35.692532,2026-01-28 12:09:44.885218,2,3,2,0.16,33.97,40.47,41.59,1.27,1.93,2.4,3.0,8.6,True,0,0,0
SHP-0167,Dubai,Shanghai,Dubai -> Shanghai,2026-05-30 15:00:00,2026-06-04 11:56:17.725079,2026-06-05 13:54:13.165098,2026-06-09 01:06:47.940521,2026-05-30 15:26:24,2026-06-04 14:05:53.725079,2026-06-05 19:27:49.165098,2026-06-09 09:13:23.940521,2,1,3,0.59,15.99,14.86,39.03,0.44,1.72,3.4,2.55,8.11,True,0,0,0
SHP-0168,Singapore,Shanghai,Singapore -> Shanghai,2026-02-28 10:00:00,2026-03-05 08:43:08.405806,2026-03-06 10:39:27.586266,2026-03-07 15:32:05.744428,2026-02-28 10:32:24,2026-03-05 09:43:44.405806,2026-03-06 12:59:15.586266,2026-03-07 18:58:29.744428,0,0,2,0.314,17.09,21.61,42.95,0.54,0.47,1.32,1.11,3.44,False,0,0,0
SHP-0169,Rotterdam,Hamburg,Rotterdam -> Hamburg,2026-04-22 21:00:00,2026-04-27 17:12:42.192090,2026-04-28 18:17:45.781328,2026-05-01 07:29:50.649053,2026-04-22 21:06:00,2026-04-27 17:22:18.192090,2026-04-28 20:18:21.781328,2026-05-01 10:29:14.649053,0,0,3,0.765,28.11,38.98,47.11,0.1,0.06,1.85,0.98,2.99,False,0,0,0
SHP-0170,Shanghai,Hamburg,Shanghai -> Hamburg,2026-04-21 20:00:00,2026-04-26 21:24:29.394717,2026-04-27 18:37:17.309530,2026-04-28 00:37:17.309530,2026-04-21 21:06:00,2026-04-26 23:23:53.394717,,2026-04-28 05:46:53.309530,1,2,1,0.598,27.91,20.8,43.78,1.1,0.89,1.56,1.61,5.16,False,0,1,0
SHP-0171,Busan,Los Angeles,Busan -> Los Angeles,2026-05-27 12:00:00,2026-06-01 16:25:44.768806,2026-06-02 19:41:00.817710,2026-06-04 07:34:58.180697,2026-05-27 12:24:00,2026-06-01 18:25:08.768806,2026-06-02 23:32:00.817710,2026-06-04 12:46:58.180697,2,0,2,0.609,21.62,19.99,16.1,0.4,1.59,1.86,1.35,5.2,False,0,0,0
SHP-0172,Busan,Hamburg,Busan -> Hamburg,2026-06-07 04:00:00,2026-06-12 08:12:11.335038,2026-06-13 11:55:11.273726,2026-06-17 05:54:33.835185,2026-06-07 05:19:48,2026-06-12 11:45:11.335038,2026-06-13 17:11:59.273726,2026-06-17 13:45:33.835185,3,3,0,0.084,26.05,21.28,18.12,1.33,2.22,1.73,2.57,7.85,True,0,0,0
SHP-0173,Busan,Dubai,Busan -> Dubai,2026-02-03 00:00:00,2026-02-07 21:37:17.472286,2026-02-08 19:39:46.843840,2026-02-09 01:59:03.671190,2026-02-03 00:44:24,2026-02-08 00:39:41.472286,2026-02-09 01:23:34.843840,2026-02-09 10:17:03.671190,3,2,2,0.451,34.77,17.74,36.24,0.74,2.3,2.69,2.57,8.3,True,0,0,0
SHP-0174,Rotterdam,Dubai,Rotterdam -> Dubai,2026-04-08 06:00:00,2026-04-13 08:16:00.350745,2026-04-14 11:49:06.027970,2026-04-20 15:25:07.502086,2026-04-08 07:45:00,2026-04-13 10:55:00.350745,,2026-04-20 22:54:31.502086,0,0,3,0.098,13.55,37.97,39.4,1.75,0.9,2.77,2.07,7.49,True,0,1,0
SHP-0175,Busan,Shanghai,Busan -> Shanghai,2026-05-29 09:00:00,2026-06-03 11:49:15.475192,2026-06-04 13:30:52.928246,2026-06-09 08:39:57.450881,2026-05-29 10:07:48,2026-06-03 14:37:51.475192,2026-06-04 17:30:52.928246,2026-06-09 13:16:33.450881,2,1,0,0.001,33.55,24.74,16.46,1.13,1.68,1.19,0.61,4.61,False,0,0,0
SHP-0176,Rotterdam,Busan,Rotterdam -> Busan,2026-01-26 01:00:00,2026-01-31 02:12:34.771210,2026-02-01 03:44:05.406915,2026-02-02 03:46:32.301264,2026-01-26 02:39:36,2026-01-31 06:01:10.771210,2026-02-01 09:16:29.406915,2026-02-02 10:17:44.301264,2,0,0,0.077,33.75,47.52,36.19,1.66,2.15,1.73,0.98,6.52,True,0,0,0
SHP-0177,Shanghai,Sydney,Shanghai -> Sydney,2026-06-18 18:00:00,2026-06-23 17:53:53.369076,2026-06-24 15:17:18.143444,2026-06-28 06:31:18.493626,2026-06-18 18:10:12,2026-06-23 18:13:05.369076,2026-06-24 16:03:30.143444,2026-06-28 09:20:30.493626,1,3,0,0.727,43.11,17.16,22.38,0.17,0.15,0.45,2.05,2.82,False,0,0,0
SHP-0178,Sydney,Shanghai,Sydney -> Shanghai,2026-01-28 13:00:00,2026-02-02 16:08:17.134706,2026-02-03 19:31:12.020666,2026-02-07 15:22:02.911765,2026-01-28 13:00:00,,2026-02-03 23:55:12.020666,2026-02-07 22:01:38.911765,3,2,2,0.928,27.0,12.13,14.25,0.0,,2.49,2.26,6.66,True,1,0,0
SHP-0179,Busan,Hamburg,Busan -> Hamburg,2026-03-05 14:00:00,2026-03-10 11:22:01.428407,2026-03-11 10:00:42.724366,2026-03-13 22:34:11.829761,2026-03-05 14:04:12,2026-03-10 11:29:49.428407,,,0,2,3,0.76,37.04,17.0,41.08,0.07,0.06,1.91,1.57,3.61,False,0,1,1
SHP-0180,Mumbai,Shanghai,Mumbai -> Shanghai,2026-01-30 00:00:00,2026-02-04 05:26:57.477656,2026-02-05 03:43:41.580741,2026-02-08 18:03:23.857028,2026-01-30 00:00:00,2026-02-04 05:45:33.477656,2026-02-05 04:54:29.580741,2026-02-08 20:07:35.857028,0,2,1,0.898,32.27,45.09,22.8,0.0,0.31,0.87,0.89,2.07,False,0,0,0
SHP-0181,Sydney,Los Angeles,Sydney -> Los Angeles,2026-02-18 22:00:00,2026-02-23 16:26:51.804632,2026-02-24 18:52:47.038048,2026-02-27 01:04:16.819029,2026-02-18 22:21:36,2026-02-23 17:09:27.804632,,2026-02-27 04:17:28.819029,1,3,1,0.565,13.55,14.86,37.06,0.36,0.35,0.51,2.0,3.22,False,0,1,0
SHP-0182,Singapore,Rotterdam,Singapore -> Rotterdam,2026-06-22 07:00:00,2026-06-27 08:41:59.729512,2026-06-28 10:22:45.609203,2026-07-01 08:15:55.205418,2026-06-22 07:33:36,2026-06-27 10:25:11.729512,2026-06-28 14:23:21.609203,2026-07-01 14:29:43.205418,2,2,3,0.483,31.2,23.66,15.79,0.56,1.16,2.29,2.22,6.23,True,0,0,0
SHP-0183,Los Angeles,Rotterdam,Los Angeles -> Rotterdam,2026-01-17 03:00:00,2026-01-22 01:13:58.578464,2026-01-23 02:59:47.802066,2026-01-26 18:46:42.006631,2026-01-17 03:10:48,2026-01-22 01:37:22.578464,2026-01-23 04:05:11.802066,2026-01-26 21:10:42.006631,1,2,1,0.487,46.79,39.23,29.89,0.18,0.21,0.7,1.31,2.4,False,0,0,0
SHP-0184,Mumbai,Shanghai,Mumbai -> Shanghai,2026-01-12 04:00:00,2026-01-17 05:11:43.536459,2026-01-18 01:46:04.594061,2026-01-21 19:34:34.357080,2026-01-12 04:16:48,2026-01-17 05:28:31.536459,,2026-01-22 00:47:46.357080,0,3,3,0.546,34.2,22.51,14.3,0.28,0.0,2.05,2.89,5.22,False,0,1,0
SHP-0185,Rotterdam,Santos,Rotterdam -> Santos,2026-04-19 04:00:00,2026-04-24 02:52:40.895203,2026-04-25 05:40:05.531253,2026-04-28 13:39:22.930031,2026-04-19 04:28:48,2026-04-24 05:23:16.895203,2026-04-25 09:16:05.531253,2026-04-28 19:08:46.930031,3,2,0,0.944,21.9,12.94,20.74,0.48,2.03,1.09,1.89,5.49,False,0,0,0
SHP-0186,Santos,Dubai,Santos -> Dubai,2026-01-29 04:00:00,2026-02-03 04:02:09.394940,2026-02-04 05:24:39.757410,2026-02-07 17:35:10.445081,2026-01-29 04:00:00,,,2026-02-07 19:23:10.445081,0,0,2,0.774,26.14,13.18,16.18,0.0,,1.0,0.8,1.8,False,1,1,0
SHP-0187,Rotterdam,Dubai,Rotterdam -> Dubai,2026-02-27 04:00:00,2026-03-04 05:01:18.385895,2026-03-05 05:47:35.640970,2026-03-09 09:27:43.196244,2026-02-27 04:31:12,2026-03-04 06:15:06.385895,2026-03-05 07:50:35.640970,2026-03-09 12:49:19.196244,1,2,1,0.694,35.31,16.86,27.88,0.52,0.71,0.82,1.31,3.36,False,0,0,0
SHP-0188,Sydney,Busan,Sydney -> Busan,2026-03-23 07:00:00,2026-03-28 04:26:27.336522,2026-03-29 07:22:16.078796,2026-04-02 12:23:12.870321,2026-03-23 08:09:36,2026-03-28 08:02:27.336522,2026-03-29 14:06:04.078796,2026-04-02 21:11:48.870321,3,2,2,0.203,36.67,31.76,46.0,1.16,2.44,3.13,2.08,8.81,True,0,0,0
SHP-0189,Hamburg,Busan,Hamburg -> Busan,2026-01-14 17:00:00,2026-01-19 19:18:12.546653,2026-01-20 20:29:13.891879,2026-01-21 20:17:54.656954,2026-01-14 17:31:48,2026-01-19 20:11:00.546653,2026-01-20 23:14:13.891879,2026-01-22 00:36:30.656954,0,2,3,0.523,44.66,43.61,41.25,0.53,0.35,1.87,1.56,4.31,False,0,0,0
SHP-0190,Shanghai,Los Angeles,Shanghai -> Los Angeles,2026-02-23 14:00:00,2026-02-28 15:26:25.362645,2026-03-01 17:44:04.819951,2026-03-03 08:05:48.600421,2026-02-23 14:13:12,2026-02-28 15:40:49.362645,2026-03-01 20:31:28.819951,2026-03-03 12:11:12.600421,0,0,3,0.861,24.32,35.72,26.49,0.22,0.02,2.55,1.3,4.09,False,0,0,0
SHP-0191,Rotterdam,Sydney,Rotterdam -> Sydney,2026-06-27 10:00:00,2026-07-02 04:54:40.969407,2026-07-03 05:24:24.868007,2026-07-08 02:35:09.137636,2026-06-27 11:21:36,,2026-07-03 08:56:48.868007,2026-07-08 07:12:21.137636,0,1,1,0.007,33.46,21.51,18.76,1.36,,1.33,1.08,4.62,False,1,0,0
SHP-0192,Busan,Santos,Busan -> Santos,2026-05-05 19:00:00,2026-05-10 13:00:42.874447,2026-05-11 09:17:33.488506,2026-05-16 17:55:21.283502,2026-05-05 19:33:00,2026-05-10 15:11:30.874447,2026-05-11 14:10:21.488506,2026-05-17 00:59:33.283502,2,2,3,0.938,44.48,12.74,40.51,0.55,1.63,2.7,2.19,7.07,True,0,0,0
SHP-0193,Busan,Mumbai,Busan -> Mumbai,2026-02-25 19:00:00,2026-03-02 18:16:13.966143,2026-03-03 17:50:51.181990,2026-03-07 11:05:27.570945,2026-02-25 19:39:36,2026-03-02 21:10:49.966143,2026-03-03 22:23:15.181990,,3,1,1,0.553,27.56,41.76,44.73,0.66,2.25,1.63,1.41,5.95,False,0,0,1
SHP-0194,Hamburg,Rotterdam,Hamburg -> Rotterdam,2026-05-02 07:00:00,2026-05-07 03:30:13.478366,2026-05-08 03:29:26.665320,2026-05-10 16:57:27.793972,2026-05-02 07:00:00,2026-05-07 04:51:13.478366,2026-05-08 05:52:50.665320,2026-05-10 21:44:51.793972,2,3,0,0.856,33.96,16.65,41.39,0.0,1.35,1.04,2.4,4.79,False,0,0,0
SHP-0195,Sydney,Dubai,Sydney -> Dubai,2026-05-10 00:00:00,2026-05-14 23:57:31.340896,2026-05-16 02:26:17.511339,2026-05-20 06:19:45.983996,2026-05-10 00:00:00,,2026-05-16 04:10:41.511339,,2,1,1,0.959,37.46,47.57,46.97,0.0,,0.74,0.75,2.49,False,1,0,1
SHP-0196,Sydney,Santos,Sydney -> Santos,2026-01-20 14:00:00,2026-01-25 14:04:17.662883,2026-01-26 13:31:48.631404,2026-01-30 05:52:08.532370,2026-01-20 14:00:00,2026-01-25 14:53:29.662883,,2026-01-30 10:14:56.532370,1,3,0,0.838,29.44,13.75,12.59,0.0,0.82,1.07,2.49,4.38,False,0,1,0
SHP-0197,Mumbai,Singapore,Mumbai -> Singapore,2026-06-09 17:00:00,2026-06-14 21:37:50.391630,2026-06-15 19:25:57.528390,2026-06-16 10:41:19.575564,2026-06-09 18:00:36,2026-06-14 23:58:14.391630,2026-06-15 23:28:57.528390,2026-06-16 16:26:55.575564,2,2,1,0.48,47.92,16.12,42.67,1.01,1.33,1.71,1.71,5.76,False,0,0,0
SHP-0198,Los Angeles,Busan,Los Angeles -> Busan,2026-04-23 10:00:00,2026-04-28 12:31:58.196092,2026-04-29 12:33:51.465468,2026-05-02 17:39:50.445958,2026-04-23 10:13:12,2026-04-28 13:52:22.196092,2026-04-29 14:15:51.465468,2026-05-02 21:11:02.445958,2,3,0,0.973,41.24,42.99,29.38,0.22,1.12,0.36,1.82,3.52,False,0,0,0
SHP-0199,Mumbai,Sydney,Mumbai -> Sydney,2026-05-28 10:00:00,2026-06-02 12:56:36.146637,2026-06-03 09:31:59.054227,2026-06-04 11:03:47.083762,2026-05-28 10:47:24,2026-06-02 14:36:48.146637,2026-06-03 13:50:35.054227,2026-06-04 17:41:35.083762,1,2,3,0.402,38.01,44.94,40.83,0.79,0.88,2.64,2.32,6.63,True,0,0,0
SHP-0200,Shanghai,Los Angeles,Shanghai -> Los Angeles,2026-01-08 11:00:00,2026-01-13 15:26:00.547724,2026-01-14 18:29:46.555824,2026-01-17 06:15:22.725120,2026-01-08 11:42:36,2026-01-13 17:57:48.547724,2026-01-14 22:26:10.555824,2026-01-17 11:05:46.725120,3,0,1,0.287,16.68,30.04,19.92,0.71,1.82,1.41,0.9,4.84,False,0,0,0
SHP-0201,Mumbai,Busan,Mumbai -> Busan,2026-04-21 00:00:00,2026-04-26 01:13:50.452271,2026-04-27 02:47:12.996660,2026-04-30 00:14:46.731927,2026-04-21 01:04:12,2026-04-26 05:16:14.452271,2026-04-27 08:49:00.996660,2026-04-30 07:40:34.731927,3,1,0,0.321,46.71,34.39,21.99,1.07,2.97,1.99,1.4,7.43,True,0,0,0
SHP-0202,Busan,Rotterdam,Busan -> Rotterdam,2026-01-20 18:00:00,2026-01-25 19:11:10.681588,2026-01-26 18:30:42.363771,2026-02-01 04:04:20.932478,2026-01-20 18:10:12,2026-01-25 21:07:34.681588,2026-01-26 21:42:42.363771,2026-02-01 08:03:44.932478,3,1,0,0.822,19.8,40.96,31.24,0.17,1.77,1.26,0.79,3.99,False,0,0,0
SHP-0203,Mumbai,Singapore,Mumbai -> Singapore,2026-02-14 10:00:00,2026-02-19 07:34:04.635528,2026-02-20 05:14:58.181537,2026-02-20 11:14:58.181537,2026-02-14 10:50:24,2026-02-19 09:57:28.635528,2026-02-20 09:01:10.181537,2026-02-20 16:26:58.181537,3,2,0,0.318,14.99,17.71,27.01,0.84,1.55,1.38,1.43,5.2,False,0,0,0
SHP-0204,Los Angeles,Singapore,Los Angeles -> Singapore,2026-02-08 08:00:00,2026-02-13 06:33:35.930643,2026-02-14 07:09:59.592869,2026-02-16 15:22:04.487106,2026-02-08 09:13:12,,2026-02-14 11:29:47.592869,2026-02-16 22:10:40.487106,0,3,2,0.296,24.45,40.46,43.62,1.22,,2.19,2.48,6.81,True,1,0,0
SHP-0205,Los Angeles,Dubai,Los Angeles -> Dubai,2026-02-03 18:00:00,2026-02-08 16:10:34.162234,2026-02-09 19:47:39.996371,2026-02-13 18:22:50.419748,2026-02-03 19:11:24,2026-02-08 17:56:10.162234,2026-02-09 22:23:03.996371,2026-02-13 21:45:02.419748,0,1,1,0.039,33.61,15.32,31.53,1.19,0.57,0.83,0.78,3.37,False,0,0,0
SHP-0206,Singapore,Shanghai,Singapore -> Shanghai,2026-04-14 23:00:00,2026-04-19 17:43:47.850276,2026-04-20 14:57:17.141099,2026-04-24 09:37:14.139924,2026-04-15 00:12:36,2026-04-19 20:41:23.850276,,2026-04-24 17:09:38.139924,2,0,2,0.439,38.43,43.23,39.3,1.21,1.75,2.7,1.88,7.54,True,0,1,0
SHP-0207,Los Angeles,Sydney,Los Angeles -> Sydney,2026-04-25 13:00:00,2026-04-30 17:12:44.797847,2026-05-01 16:39:47.954410,2026-05-05 23:26:01.754122,2026-04-25 13:00:00,2026-04-30 18:16:20.797847,2026-05-01 20:18:11.954410,2026-05-06 06:44:01.754122,2,3,3,0.962,20.96,37.55,39.25,0.0,1.06,2.58,3.66,7.3,True,0,0,0
SHP-0208,Los Angeles,Hamburg,Los Angeles -> Hamburg,2026-05-24 19:00:00,2026-05-29 15:32:03.568705,2026-05-30 13:02:45.627771,2026-06-01 05:32:21.803338,2026-05-24 20:14:24,2026-05-29 17:53:03.568705,2026-05-30 17:05:09.627771,2026-06-01 12:14:21.803338,1,3,2,0.09,37.81,21.01,43.55,1.24,1.11,1.69,2.66,6.7,True,0,0,0
SHP-0209,Busan,Mumbai,Busan -> Mumbai,2026-02-17 06:00:00,2026-02-22 11:08:03.029359,2026-02-23 08:27:17.293099,2026-02-26 07:55:09.493778,2026-02-17 07:09:36,,2026-02-23 12:15:53.293099,2026-02-26 13:04:45.493778,1,1,1,0.088,20.95,14.1,40.44,1.16,,1.45,1.35,5.16,False,1,0,0
SHP-0210,Santos,Sydney,Santos -> Sydney,2026-05-23 08:00:00,2026-05-28 10:27:12.598043,2026-05-29 07:04:46.457464,2026-05-31 16:26:55.346185,2026-05-23 09:06:00,2026-05-28 12:33:48.598043,2026-05-29 11:29:58.457464,,1,0,3,0.085,42.1,45.59,20.14,1.1,1.01,2.31,1.16,5.58,False,0,0,1
SHP-0211,Mumbai,Dubai,Mumbai -> Dubai,2026-01-05 19:00:00,2026-01-10 19:44:52.634159,2026-01-11 20:58:21.628069,2026-01-16 17:18:31.512856,2026-01-05 19:31:12,2026-01-10 20:42:28.634159,2026-01-12 00:07:21.628069,2026-01-16 22:11:55.512856,0,1,3,0.415,21.85,12.56,19.44,0.52,0.44,2.19,1.74,4.89,False,0,0,0
SHP-0212,Singapore,Hamburg,Singapore -> Hamburg,2026-04-13 20:00:00,2026-04-18 20:46:07.902578,2026-04-19 17:15:41.840332,2026-04-22 09:44:50.352683,2026-04-13 20:37:12,2026-04-18 21:46:43.902578,2026-04-19 19:21:05.840332,2026-04-22 12:38:14.352683,0,1,1,0.428,22.07,36.69,42.27,0.62,0.39,1.08,0.8,2.89,False,0,0,0
SHP-0213,Rotterdam,Mumbai,Rotterdam -> Mumbai,2026-06-18 15:00:00,2026-06-23 14:42:39.417177,2026-06-24 15:40:41.963281,2026-06-27 13:15:26.430628,2026-06-18 15:43:48,,2026-06-24 19:31:41.963281,2026-06-27 18:53:14.430628,2,2,1,0.29,27.83,36.68,13.44,0.73,,1.57,1.78,5.63,False,1,0,0
SHP-0214,Mumbai,Hamburg,Mumbai -> Hamburg,2026-05-07 12:00:00,2026-05-12 09:23:58.812253,2026-05-13 08:47:30.504680,2026-05-16 10:37:11.156045,2026-05-07 12:59:24,2026-05-12 10:59:58.812253,,2026-05-16 16:12:35.156045,0,3,1,0.391,33.74,19.92,40.95,0.99,0.61,1.16,2.83,5.59,False,0,1,0
SHP-0215,Rotterdam,Busan,Rotterdam -> Busan,2026-02-28 06:00:00,2026-03-05 03:05:19.143270,2026-03-06 04:02:58.386984,2026-03-07 05:07:58.042477,2026-02-28 06:54:36,2026-03-05 05:41:55.143270,2026-03-06 08:01:46.386984,2026-03-07 09:51:46.042477,2,0,1,0.204,16.01,16.32,47.97,0.91,1.7,1.37,0.75,4.73,False,0,0,0
SHP-0216,Los Angeles,Hamburg,Los Angeles -> Hamburg,2026-03-25 06:00:00,2026-03-30 00:28:18.597347,2026-03-31 04:22:01.092780,2026-04-04 00:09:28.849241,2026-03-25 07:00:36,2026-03-30 03:48:06.597347,2026-03-31 11:06:25.092780,2026-04-04 10:15:28.849241,3,3,3,0.255,17.13,35.88,30.57,1.01,2.32,3.41,3.36,10.1,True,0,0,0
SHP-0217,Mumbai,Rotterdam,Mumbai -> Rotterdam,2026-05-26 18:00:00,2026-05-31 18:21:50.904761,2026-06-01 17:21:32.698369,2026-06-03 03:47:52.507318,2026-05-26 18:23:24,2026-05-31 20:21:14.904761,2026-06-01 22:05:20.698369,2026-06-03 10:18:28.507318,2,0,3,0.881,31.69,41.52,30.41,0.39,1.6,2.74,1.78,6.51,True,0,0,0
SHP-0218,Mumbai,Dubai,Mumbai -> Dubai,2026-03-19 11:00:00,2026-03-24 15:24:07.577096,2026-03-25 14:10:12.402072,2026-03-28 23:28:21.875598,2026-03-19 11:28:12,,2026-03-25 15:04:48.402072,2026-03-29 00:40:57.875598,0,0,0,0.56,31.32,41.83,17.0,0.47,,0.39,0.3,1.21,False,1,0,0
SHP-0219,Mumbai,Los Angeles,Mumbai -> Los Angeles,2026-04-27 09:00:00,2026-05-02 04:07:07.026787,2026-05-03 00:42:10.615500,2026-05-04 18:15:52.658539,2026-04-27 09:12:00,,2026-05-03 01:55:58.615500,2026-05-04 21:34:28.658539,1,3,0,0.608,18.4,43.74,19.55,0.2,,0.33,2.08,3.31,False,1,0,0
SHP-0220,Shanghai,Rotterdam,Shanghai -> Rotterdam,2026-04-17 04:00:00,2026-04-22 09:21:46.781068,2026-04-23 06:12:39.652853,2026-04-27 19:42:15.494741,2026-04-17 04:46:12,2026-04-22 12:27:10.781068,2026-04-23 11:27:03.652853,,3,1,1,0.13,37.01,21.86,24.42,0.77,2.32,2.15,1.74,6.98,True,0,0,1
SHP-0221,Santos,Sydney,Santos -> Sydney,2026-02-05 13:00:00,2026-02-10 09:25:39.732334,2026-02-11 05:51:57.226627,2026-02-14 00:49:38.114011,2026-02-05 13:04:48,2026-02-10 09:30:27.732334,2026-02-11 06:02:09.226627,2026-02-14 02:44:14.114011,0,2,1,0.652,15.14,27.88,32.92,0.08,0.0,0.09,1.74,1.91,False,0,0,0
SHP-0222,Hamburg,Busan,Hamburg -> Busan,2026-03-18 17:00:00,2026-03-23 14:52:58.372489,2026-03-24 12:47:04.546500,2026-03-29 22:36:22.533529,2026-03-18 17:18:36,2026-03-23 16:10:58.372489,2026-03-24 14:38:04.546500,2026-03-30 01:33:58.533529,0,2,0,0.453,24.23,18.49,37.78,0.31,0.99,0.55,1.11,2.96,False,0,0,0
SHP-0223,Rotterdam,Mumbai,Rotterdam -> Mumbai,2026-04-21 06:00:00,2026-04-26 02:04:06.264188,2026-04-27 05:30:23.589792,2026-04-27 11:30:23.589792,2026-04-21 06:12:36,,2026-04-27 07:30:23.589792,2026-04-27 15:01:35.589792,1,1,2,0.548,21.02,28.3,15.16,0.21,,1.5,1.52,3.52,False,1,0,0
SHP-0224,Mumbai,Dubai,Mumbai -> Dubai,2026-04-30 14:00:00,2026-05-05 18:51:44.049169,2026-05-06 18:56:57.311068,2026-05-11 13:52:10.142591,2026-04-30 14:52:48,2026-05-05 20:59:32.049169,2026-05-06 22:59:57.311068,2026-05-11 20:10:46.142591,1,3,2,0.546,16.46,26.14,23.28,0.88,1.25,1.92,2.26,6.31,True,0,0,0
SHP-0225,Dubai,Los Angeles,Dubai -> Los Angeles,2026-02-16 15:00:00,2026-02-21 12:10:51.338866,2026-02-22 11:06:52.995046,2026-02-26 16:57:52.782112,2026-02-16 15:45:00,2026-02-21 13:18:03.338866,2026-02-22 14:15:16.995046,2026-02-26 21:26:40.782112,0,1,3,0.669,31.7,28.15,41.82,0.75,0.37,2.02,1.34,4.48,False,0,0,0
SHP-0226,Rotterdam,Dubai,Rotterdam -> Dubai,2026-04-16 05:00:00,2026-04-21 08:28:10.936122,2026-04-22 06:43:12.813130,2026-04-25 17:00:32.136417,2026-04-16 06:13:12,2026-04-21 10:17:58.936122,2026-04-22 11:00:00.813130,2026-04-25 23:53:20.136417,0,3,3,0.181,26.14,35.3,27.11,1.22,0.61,2.45,2.6,6.88,True,0,0,0
SHP-0227,Mumbai,Rotterdam,Mumbai -> Rotterdam,2026-02-19 07:00:00,2026-02-24 04:42:56.967697,2026-02-25 05:02:13.055924,2026-03-03 11:09:39.084241,2026-02-19 07:25:12,2026-02-24 06:25:32.967697,2026-02-25 08:44:13.055924,,2,1,2,0.617,14.64,18.41,15.63,0.42,1.29,1.99,2.0,5.7,False,0,0,1
SHP-0228,Mumbai,Dubai,Mumbai -> Dubai,2026-06-12 10:00:00,2026-06-17 11:54:18.388334,2026-06-18 12:22:58.406292,2026-06-19 07:29:55.804874,2026-06-12 11:06:00,2026-06-17 14:15:54.388334,2026-06-18 18:02:34.406292,2026-06-19 15:28:43.804874,1,1,3,0.095,37.63,38.2,44.95,1.1,1.26,3.3,2.32,7.98,True,0,0,0
SHP-0229,Sydney,Hamburg,Sydney -> Hamburg,2026-06-05 23:00:00,2026-06-10 22:48:09.359241,2026-06-12 02:24:39.451041,2026-06-15 11:13:02.339604,2026-06-05 23:55:12,2026-06-11 00:54:45.359241,,2026-06-15 18:55:38.339604,1,2,3,0.385,47.87,17.49,30.68,0.92,1.19,3.11,2.49,7.71,True,0,1,0
SHP-0230,Sydney,Rotterdam,Sydney -> Rotterdam,2026-01-04 02:00:00,2026-01-09 06:16:17.938568,2026-01-10 07:56:45.030089,2026-01-15 03:53:58.820095,2026-01-04 02:33:36,2026-01-09 07:46:53.938568,2026-01-10 10:42:57.030089,,2,2,1,0.529,13.21,25.79,29.08,0.56,0.95,1.26,1.28,4.05,False,0,0,1
SHP-0231,Los Angeles,Singapore,Los Angeles -> Singapore,2026-03-27 17:00:00,2026-04-01 11:04:33.224761,2026-04-02 14:20:14.866783,2026-04-06 03:50:06.820995,2026-03-27 17:58:12,2026-04-01 13:15:21.224761,,2026-04-06 09:06:18.820995,2,2,1,0.207,30.86,22.09,42.96,0.97,1.21,1.18,1.91,5.27,False,0,1,0
SHP-0232,Busan,Hamburg,Busan -> Hamburg,2026-05-08 07:00:00,2026-05-13 04:32:26.595902,2026-05-14 06:51:11.330355,2026-05-16 16:38:59.196038,2026-05-08 07:00:36,,2026-05-14 11:15:11.330355,2026-05-16 22:40:11.196038,3,1,2,0.986,35.54,44.36,38.13,0.01,,2.61,1.62,6.02,True,1,0,0
SHP-0233,Rotterdam,Shanghai,Rotterdam -> Shanghai,2026-03-30 05:00:00,2026-04-04 07:41:02.904140,2026-04-05 08:06:10.831286,2026-04-09 08:09:50.312032,2026-03-30 06:03:36,2026-04-04 09:34:26.904140,2026-04-05 11:15:10.831286,2026-04-09 14:00:50.312032,0,3,1,0.519,16.23,43.85,18.3,1.06,0.83,1.26,2.7,5.85,False,0,0,0
SHP-0234,Singapore,Rotterdam,Singapore -> Rotterdam,2026-01-12 12:00:00,2026-01-17 08:25:47.366915,2026-01-18 10:01:26.366215,2026-01-20 16:11:12.365432,2026-01-12 13:17:24,2026-01-17 11:15:35.366915,2026-01-18 14:21:14.366215,2026-01-20 21:18:24.365432,1,0,1,0.113,32.43,18.68,36.44,1.29,1.54,1.5,0.79,5.12,False,0,0,0
SHP-0235,Hamburg,Singapore,Hamburg -> Singapore,2026-06-07 17:00:00,2026-06-12 13:07:02.970611,2026-06-13 13:34:14.761351,2026-06-15 21:03:17.041283,2026-06-07 18:17:24,2026-06-12 17:01:02.970611,2026-06-13 21:19:50.761351,2026-06-16 07:35:41.041283,2,2,3,0.033,38.36,39.83,14.42,1.29,2.61,3.86,2.78,10.54,True,0,0,0
SHP-0236,Los Angeles,Sydney,Los Angeles -> Sydney,2026-05-10 10:00:00,2026-05-15 14:15:13.956611,2026-05-16 10:25:12.617156,2026-05-18 06:15:38.708555,2026-05-10 11:09:36,2026-05-15 16:27:13.956611,2026-05-16 15:04:12.617156,2026-05-18 12:37:50.708555,1,2,3,0.34,17.39,18.72,31.11,1.16,1.04,2.45,1.72,6.37,True,0,0,0
SHP-0237,Santos,Dubai,Santos -> Dubai,2026-02-20 12:00:00,2026-02-25 14:13:49.467471,2026-02-26 14:19:29.952271,2026-03-02 23:14:41.332528,2026-02-20 12:04:12,2026-02-25 16:34:13.467471,2026-02-26 19:36:53.952271,2026-03-03 06:24:17.332528,3,1,3,0.793,39.25,47.94,29.23,0.07,2.27,2.95,1.87,7.16,True,0,0,0
SHP-0238,Sydney,Hamburg,Sydney -> Hamburg,2026-01-02 23:00:00,2026-01-08 00:23:10.321214,2026-01-08 21:25:27.328288,2026-01-12 10:47:46.982449,2026-01-02 23:19:12,2026-01-08 00:54:58.321214,,2026-01-12 12:41:46.982449,1,3,0,0.91,19.79,47.79,33.77,0.32,0.21,0.08,1.29,1.9,False,0,1,0
SHP-0239,Rotterdam,Sydney,Rotterdam -> Sydney,2026-04-06 07:00:00,2026-04-11 06:39:41.143111,2026-04-12 08:22:20.330841,2026-04-19 01:53:56.033360,2026-04-06 08:09:00,2026-04-11 09:44:29.143111,2026-04-12 13:30:08.330841,2026-04-19 08:35:56.033360,2,1,1,0.012,16.52,31.93,24.39,1.15,1.93,2.05,1.57,6.7,True,0,0,0
SHP-0240,Dubai,Los Angeles,Dubai -> Los Angeles,2026-06-18 19:00:00,2026-06-23 23:14:36.997101,2026-06-24 22:25:09.292322,2026-06-29 05:06:22.697098,2026-06-18 19:34:48,2026-06-24 02:12:48.997101,2026-06-25 04:34:45.292322,2026-06-29 14:57:58.697098,3,3,2,0.619,14.12,19.26,31.83,0.58,2.39,3.19,3.7,9.86,True,0,0,0
SHP-0241,Los Angeles,Hamburg,Los Angeles -> Hamburg,2026-06-01 16:00:00,2026-06-06 10:13:07.582353,2026-06-07 06:25:06.076652,2026-06-08 02:07:03.113077,2026-06-01 16:49:48,2026-06-06 11:47:55.582353,2026-06-07 11:10:06.076652,2026-06-08 09:34:39.113077,0,2,3,0.127,16.49,32.47,20.43,0.83,0.75,3.17,2.71,7.46,True,0,0,0
SHP-0242,Santos,Shanghai,Santos -> Shanghai,2026-04-29 14:00:00,2026-05-04 18:42:35.197307,2026-05-05 20:14:31.956744,2026-05-10 02:57:20.769625,2026-04-29 14:43:12,2026-05-04 19:56:59.197307,,,0,2,1,0.486,38.7,20.74,31.51,0.72,0.52,0.8,0.85,2.89,False,0,1,1
SHP-0243,Shanghai,Singapore,Shanghai -> Singapore,2026-01-22 09:00:00,2026-01-27 04:59:15.349100,2026-01-28 05:42:42.826467,2026-01-29 10:43:44.162994,2026-01-22 09:54:36,2026-01-27 07:40:03.349100,2026-01-28 11:15:06.826467,2026-01-29 17:58:44.162994,2,1,2,0.195,44.27,12.94,30.79,0.91,1.77,2.86,1.71,7.25,True,0,0,0
SHP-0244,Busan,Hamburg,Busan -> Hamburg,2026-04-15 12:00:00,2026-04-20 15:07:24.778045,2026-04-21 15:16:29.974580,2026-04-24 05:43:33.345357,2026-04-15 12:38:24,2026-04-20 16:44:00.778045,2026-04-21 17:46:29.974580,2026-04-24 08:35:45.345357,0,0,1,0.439,18.49,39.23,17.65,0.64,0.97,0.89,0.37,2.87,False,0,0,0
SHP-0245,Busan,Los Angeles,Busan -> Los Angeles,2026-03-09 08:00:00,2026-03-14 03:57:40.145248,2026-03-15 02:55:53.023288,2026-03-18 00:21:26.539129,2026-03-09 09:07:12,2026-03-14 07:11:28.145248,,2026-03-18 08:53:50.539129,3,2,2,0.151,21.25,39.91,31.25,1.12,2.11,2.32,2.99,8.54,True,0,1,0
SHP-0246,Sydney,Mumbai,Sydney -> Mumbai,2026-03-10 13:00:00,2026-03-15 08:39:26.124676,2026-03-16 06:33:07.710046,2026-03-17 09:50:13.814132,2026-03-10 13:00:00,,2026-03-16 07:29:31.710046,2026-03-17 12:12:25.814132,0,3,1,0.902,41.93,25.39,32.73,0.0,,0.48,1.43,2.37,False,1,0,0
SHP-0247,Rotterdam,Santos,Rotterdam -> Santos,2026-06-14 13:00:00,2026-06-19 12:29:48.128998,2026-06-20 11:32:50.977364,2026-06-22 16:14:09.268812,2026-06-14 14:21:00,2026-06-19 14:26:12.128998,2026-06-20 14:40:38.977364,,0,1,2,0.02,42.32,47.05,35.52,1.35,0.59,1.19,0.61,3.74,False,0,0,1
SHP-0248,Dubai,Los Angeles,Dubai -> Los Angeles,2026-03-16 08:00:00,2026-03-21 13:37:56.087992,2026-03-22 11:01:53.696232,2026-03-24 05:56:11.966677,2026-03-16 08:22:48,2026-03-21 14:58:56.087992,2026-03-22 13:01:17.696232,2026-03-24 09:37:35.966677,1,2,0,0.659,47.71,20.48,44.6,0.38,0.97,0.64,1.7,3.69,False,0,0,0
SHP-0249,Santos,Sydney,Santos -> Sydney,2026-06-24 10:00:00,2026-06-29 11:37:51.712256,2026-06-30 13:57:15.614384,2026-07-03 13:38:35.800761,2026-06-24 10:48:00,2026-06-29 13:32:27.712256,2026-06-30 19:38:03.614384,2026-07-03 21:56:35.800761,1,1,3,0.28,39.93,16.04,22.38,0.8,1.11,3.77,2.62,8.3,True,0,0,0
SHP-0250,Los Angeles,Santos,Los Angeles -> Santos,2026-03-30 05:00:00,2026-04-04 08:14:48.161880,2026-04-05 04:23:51.087356,2026-04-07 23:21:29.581421,2026-03-30 06:03:36,2026-04-04 12:28:00.161880,2026-04-05 11:48:27.087356,2026-04-08 10:13:41.581421,3,3,2,0.46,16.7,26.31,26.82,1.06,3.16,3.19,3.46,10.87,True,0,0,0
SHP-0251,Rotterdam,Sydney,Rotterdam -> Sydney,2026-02-24 15:00:00,2026-03-01 12:34:57.025146,2026-03-02 14:41:16.813119,2026-03-05 06:05:20.906684,2026-02-24 15:55:12,2026-03-01 14:27:09.025146,2026-03-02 17:32:16.813119,,1,2,0,0.414,39.84,42.62,38.4,0.92,0.95,0.98,1.27,4.12,False,0,0,1
SHP-0252,Sydney,Dubai,Sydney -> Dubai,2026-03-28 12:00:00,2026-04-02 07:04:50.377632,2026-04-03 08:24:37.431993,2026-04-08 20:48:48.842019,2026-03-28 12:26:24,2026-04-02 08:51:38.377632,2026-04-03 11:24:01.431993,2026-04-09 01:32:36.842019,2,2,0,0.366,13.75,13.07,47.63,0.44,1.34,1.21,1.74,4.73,False,0,0,0
SHP-0253,Shanghai,Rotterdam,Shanghai -> Rotterdam,2026-05-03 05:00:00,2026-05-08 07:06:32.335699,2026-05-09 05:06:43.181750,2026-05-13 00:30:31.023560,2026-05-03 05:11:24,2026-05-08 07:19:44.335699,2026-05-09 07:12:43.181750,,0,3,3,0.724,12.88,37.33,47.65,0.19,0.03,1.88,3.31,5.41,False,0,0,1
SHP-0254,Sydney,Busan,Sydney -> Busan,2026-04-14 12:00:00,2026-04-19 16:30:58.089718,2026-04-20 13:49:05.281634,2026-04-24 00:54:35.990545,2026-04-14 12:50:24,2026-04-19 18:28:34.089718,2026-04-20 19:14:17.281634,,1,1,3,0.191,41.57,14.85,29.61,0.84,1.12,3.46,2.33,7.75,True,0,0,1
SHP-0255,Sydney,Shanghai,Sydney -> Shanghai,2026-06-14 01:00:00,2026-06-19 05:36:09.420750,2026-06-20 03:29:10.438840,2026-06-24 14:45:18.915272,2026-06-14 01:48:36,2026-06-19 07:56:33.420750,2026-06-20 08:03:58.438840,2026-06-24 22:51:54.915272,2,3,2,0.203,19.61,47.21,27.65,0.81,1.53,2.24,3.53,8.11,True,0,0,0
SHP-0256,Mumbai,Dubai,Mumbai -> Dubai,2026-02-27 22:00:00,2026-03-04 18:36:48.888082,2026-03-05 15:27:52.650782,2026-03-11 10:27:40.523734,2026-02-27 22:48:00,2026-03-04 21:48:48.888082,,2026-03-11 19:23:28.523734,3,0,3,0.304,36.31,28.81,23.63,0.8,2.4,3.55,2.18,8.93,True,0,1,0
SHP-0257,Dubai,Busan,Dubai -> Busan,2026-06-11 12:00:00,2026-06-16 13:28:27.161725,2026-06-17 16:16:11.662102,2026-06-22 11:46:52.660939,2026-06-11 12:51:36,2026-06-16 14:47:39.161725,2026-06-17 18:25:47.662102,2026-06-22 15:02:28.660939,0,1,0,0.265,21.83,28.1,23.73,0.86,0.46,0.84,1.1,3.26,False,0,0,0
SHP-0258,Singapore,Los Angeles,Singapore -> Los Angeles,2026-01-01 00:00:00,2026-01-05 18:28:03.019703,2026-01-06 16:39:03.686282,2026-01-08 08:43:01.564130,2026-01-01 01:07:12,2026-01-05 19:50:51.019703,2026-01-06 20:52:15.686282,,1,2,3,0.215,23.16,28.69,42.4,1.12,0.26,2.84,2.39,6.61,True,0,0,1
SHP-0259,Rotterdam,Los Angeles,Rotterdam -> Los Angeles,2026-05-04 19:00:00,2026-05-09 18:27:26.033435,2026-05-10 15:07:18.817346,2026-05-14 08:01:45.653348,2026-05-04 19:24:00,2026-05-09 20:57:26.033435,2026-05-10 19:21:42.817346,,3,0,1,0.811,24.25,43.5,21.85,0.4,2.1,1.74,0.21,4.45,False,0,0,1
SHP-0260,Mumbai,Rotterdam,Mumbai -> Rotterdam,2026-01-14 18:00:00,2026-01-19 23:19:45.772989,2026-01-20 19:42:06.734159,2026-01-24 23:07:59.510738,2026-01-14 18:15:36,2026-01-20 01:44:21.772989,2026-01-21 00:06:42.734159,2026-01-25 05:00:11.510738,3,1,2,0.997,24.52,22.28,28.31,0.26,2.15,2.0,1.46,5.87,False,0,0,0
SHP-0261,Dubai,Mumbai,Dubai -> Mumbai,2026-03-14 04:00:00,2026-03-19 04:17:56.128414,2026-03-20 06:30:17.031858,2026-03-24 19:00:01.362058,2026-03-14 05:12:36,2026-03-19 06:34:08.128414,2026-03-20 10:06:53.031858,2026-03-25 01:03:37.362058,1,3,1,0.342,25.45,16.82,22.69,1.21,1.06,1.34,2.45,6.06,True,0,0,0
SHP-0262,Busan,Mumbai,Busan -> Mumbai,2026-04-13 01:00:00,2026-04-17 23:08:13.899579,2026-04-18 23:51:36.532746,2026-04-21 17:08:31.356083,2026-04-13 02:01:12,2026-04-18 00:41:13.899579,2026-04-19 02:28:12.532746,2026-04-21 20:27:07.356083,0,1,0,0.447,31.55,21.62,34.05,1.02,0.53,1.06,0.7,3.31,False,0,0,0
SHP-0263,Busan,Mumbai,Busan -> Mumbai,2026-03-03 15:00:00,2026-03-08 19:54:41.816836,2026-03-09 21:52:45.014287,2026-03-13 00:30:30.542171,2026-03-03 16:10:48,2026-03-08 22:00:41.816836,2026-03-10 00:33:33.014287,2026-03-13 03:11:54.542171,0,0,0,0.131,34.98,19.54,20.12,1.18,0.92,0.58,0.01,2.69,False,0,0,0
SHP-0264,Santos,Rotterdam,Santos -> Rotterdam,2026-02-05 05:00:00,2026-02-10 03:22:09.481249,2026-02-11 03:13:46.559845,2026-02-13 00:11:24.241292,2026-02-05 05:43:48,2026-02-10 05:25:09.481249,2026-02-11 07:09:34.559845,,2,0,2,0.415,47.62,14.35,45.56,0.73,1.32,1.88,1.01,4.94,False,0,0,1
SHP-0265,Shanghai,Sydney,Shanghai -> Sydney,2026-02-08 13:00:00,2026-02-13 14:43:44.552237,2026-02-14 13:54:27.768102,2026-02-16 17:25:47.677285,2026-02-08 14:09:00,2026-02-13 17:34:44.552237,2026-02-14 19:02:15.768102,2026-02-17 00:05:23.677285,2,0,1,0.006,14.7,27.5,14.95,1.15,1.7,2.28,1.53,6.66,True,0,0,0
SHP-0266,Busan,Santos,Busan -> Santos,2026-02-27 17:00:00,2026-03-04 12:38:31.133069,2026-03-05 14:07:06.214091,2026-03-06 20:21:12.429405,2026-02-27 17:40:12,2026-03-04 15:11:31.133069,2026-03-05 18:00:30.214091,2026-03-07 02:16:24.429405,2,3,0,0.274,46.39,23.37,18.53,0.67,1.88,1.34,2.03,5.92,False,0,0,0
SHP-0267,Los Angeles,Singapore,Los Angeles -> Singapore,2026-05-27 23:00:00,2026-06-01 21:54:11.553161,2026-06-02 22:39:38.990112,2026-06-07 15:12:43.229676,2026-05-27 23:46:48,2026-06-02 00:08:35.553161,2026-06-03 03:12:38.990112,2026-06-07 20:54:43.229676,2,1,2,0.518,36.51,30.28,45.86,0.78,1.46,2.31,1.15,5.7,False,0,0,0
SHP-0268,Singapore,Los Angeles,Singapore -> Los Angeles,2026-04-30 09:00:00,2026-05-05 07:56:07.328513,2026-05-06 07:09:09.798568,2026-05-08 07:38:16.106121,2026-04-30 09:07:12,2026-05-05 09:38:43.328513,2026-05-06 10:33:09.798568,,2,3,1,0.787,44.72,33.37,22.78,0.12,1.59,1.69,1.5,4.9,False,0,0,1
SHP-0269,Rotterdam,Hamburg,Rotterdam -> Hamburg,2026-06-08 10:00:00,2026-06-13 07:17:57.049093,2026-06-14 06:43:54.412433,2026-06-15 19:45:31.136970,2026-06-08 11:38:24,2026-06-13 10:21:33.049093,2026-06-14 11:00:42.412433,2026-06-16 01:01:43.136970,1,0,1,0.138,35.61,16.92,39.92,1.64,1.42,1.22,0.99,5.27,False,0,0,0
SHP-0270,Dubai,Busan,Dubai -> Busan,2026-01-05 13:00:00,2026-01-10 13:03:53.178677,2026-01-11 16:09:16.266103,2026-01-14 21:27:11.775273,2026-01-05 13:38:24,,2026-01-11 20:44:04.266103,2026-01-15 05:30:11.775273,1,3,3,0.662,16.15,22.56,20.56,0.64,,2.89,3.47,8.05,True,1,0,0
SHP-0271,Singapore,Sydney,Singapore -> Sydney,2026-02-09 13:00:00,2026-02-14 11:39:00.023135,2026-02-15 10:33:27.896343,2026-02-18 07:59:06.443715,2026-02-09 13:07:12,,,2026-02-18 15:38:06.443715,2,3,2,0.603,24.25,42.95,42.44,0.12,,2.87,3.27,7.65,True,1,1,0
SHP-0272,Los Angeles,Singapore,Los Angeles -> Singapore,2026-05-05 04:00:00,2026-05-10 00:39:01.965666,2026-05-11 00:42:05.538867,2026-05-13 04:02:03.325711,2026-05-05 04:14:24,2026-05-10 01:33:37.965666,2026-05-11 03:55:53.538867,2026-05-13 08:25:27.325711,1,2,3,0.499,22.39,18.48,43.62,0.24,0.67,2.32,1.16,4.39,False,0,0,0
SHP-0273,Los Angeles,Rotterdam,Los Angeles -> Rotterdam,2026-03-11 21:00:00,2026-03-16 18:53:15.916420,2026-03-17 21:24:25.101481,2026-03-21 11:11:55.456110,2026-03-11 21:14:24,2026-03-16 21:52:39.916420,2026-03-18 02:37:01.101481,2026-03-21 17:32:19.456110,3,0,2,0.92,26.69,26.03,17.79,0.24,2.75,2.22,1.13,6.34,True,0,0,0
SHP-0274,Mumbai,Singapore,Mumbai -> Singapore,2026-05-17 20:00:00,2026-05-22 23:27:02.702702,2026-05-23 21:27:28.900014,2026-05-25 23:44:23.578366,2026-05-17 20:27:00,2026-05-23 00:46:14.702702,2026-05-23 23:35:52.900014,2026-05-26 03:16:11.578366,2,2,0,0.364,38.08,34.74,18.76,0.45,0.87,0.82,1.39,3.53,False,0,0,0
SHP-0275,Los Angeles,Hamburg,Los Angeles -> Hamburg,2026-04-29 15:00:00,2026-05-04 11:44:01.441727,2026-05-05 13:40:05.884038,2026-05-09 01:51:43.764048,2026-04-29 15:42:36,2026-05-04 14:13:25.441727,,2026-05-09 09:42:43.764048,2,3,3,0.228,20.52,42.91,20.75,0.71,1.78,2.68,2.68,7.85,True,0,1,0
SHP-0276,Shanghai,Mumbai,Shanghai -> Mumbai,2026-03-08 00:00:00,2026-03-12 18:22:25.931028,2026-03-13 19:20:37.446561,2026-03-16 17:56:43.439232,2026-03-08 01:09:36,,2026-03-13 22:12:49.446561,2026-03-16 22:55:31.439232,1,3,0,0.317,43.42,32.96,26.83,1.16,,0.88,2.11,4.98,False,1,0,0
SHP-0277,Rotterdam,Hamburg,Rotterdam -> Hamburg,2026-02-25 04:00:00,2026-03-02 05:35:50.167841,2026-03-03 03:06:51.983630,2026-03-06 13:32:19.671795,2026-02-25 04:56:24,2026-03-02 07:18:26.167841,2026-03-03 05:53:03.983630,2026-03-06 16:58:07.671795,1,1,0,0.007,42.78,37.34,24.79,0.94,0.77,1.06,0.66,3.43,False,0,0,0
SHP-0278,Dubai,Los Angeles,Dubai -> Los Angeles,2026-05-19 15:00:00,2026-05-24 09:31:34.677844,2026-05-25 09:02:34.794253,2026-05-27 21:22:31.069686,2026-05-19 15:00:36,2026-05-24 09:32:10.677844,2026-05-25 10:06:46.794253,2026-05-28 00:12:19.069686,0,2,2,0.702,26.5,20.46,31.14,0.01,0.0,1.06,1.76,2.83,False,0,0,0
SHP-0279,Santos,Los Angeles,Santos -> Los Angeles,2026-06-15 08:00:00,2026-06-20 12:32:57.701093,2026-06-21 13:35:07.778349,2026-06-23 14:26:39.754735,2026-06-15 08:40:48,2026-06-20 16:04:45.701093,2026-06-21 19:45:55.778349,2026-06-23 22:18:15.754735,3,1,2,0.435,23.6,33.31,12.92,0.68,2.85,2.65,1.68,7.86,True,0,0,0
SHP-0280,Dubai,Rotterdam,Dubai -> Rotterdam,2026-06-09 22:00:00,2026-06-14 18:53:20.095592,2026-06-15 16:05:41.527581,2026-06-18 20:33:43.112857,2026-06-09 23:01:12,2026-06-14 23:13:08.095592,2026-06-15 22:45:17.527581,2026-06-19 05:13:55.112857,3,2,1,0.246,47.96,20.27,41.9,1.02,3.31,2.33,2.01,8.67,True,0,0,0
SHP-0281,Singapore,Los Angeles,Singapore -> Los Angeles,2026-04-09 16:00:00,2026-04-14 17:13:54.076180,2026-04-15 13:40:32.072592,2026-04-16 02:16:45.588384,2026-04-09 17:20:24,2026-04-14 20:25:18.076180,2026-04-15 18:28:32.072592,2026-04-16 08:31:09.588384,2,2,0,0.302,17.22,45.19,30.47,1.34,1.85,1.61,1.44,6.24,True,0,0,0
SHP-0282,Santos,Sydney,Santos -> Sydney,2026-06-27 14:00:00,2026-07-02 13:51:20.570323,2026-07-03 11:03:06.508420,2026-07-08 06:19:58.663405,2026-06-27 14:54:36,2026-07-02 15:24:20.570323,2026-07-03 14:02:30.508420,2026-07-08 11:44:34.663405,0,3,2,0.174,32.93,27.0,13.86,0.91,0.64,1.44,2.42,5.41,False,0,0,0
SHP-0283,Shanghai,Hamburg,Shanghai -> Hamburg,2026-03-03 10:00:00,2026-03-08 15:56:16.361091,2026-03-09 16:22:58.059431,2026-03-12 01:09:42.729247,2026-03-03 10:15:36,2026-03-08 17:22:40.361091,2026-03-09 19:43:22.059431,2026-03-12 07:09:06.729247,1,3,2,0.828,43.03,32.28,22.6,0.26,1.18,1.9,2.65,5.99,False,0,0,0
SHP-0284,Santos,Dubai,Santos -> Dubai,2026-01-31 10:00:00,2026-02-05 13:02:25.524123,2026-02-06 16:31:43.692709,2026-02-12 08:32:10.626058,2026-01-31 10:16:12,,2026-02-06 20:44:55.692709,2026-02-12 13:57:22.626058,2,0,3,0.601,39.6,13.94,30.22,0.27,,2.89,1.2,5.42,False,1,0,0
SHP-0285,Rotterdam,Singapore,Rotterdam -> Singapore,2026-06-15 12:00:00,2026-06-20 09:35:44.745922,2026-06-21 06:59:50.085363,2026-06-25 00:28:20.620064,2026-06-15 12:00:00,2026-06-20 11:38:44.745922,2026-06-21 10:33:26.085363,2026-06-25 05:13:56.620064,3,1,1,0.875,30.0,13.99,13.44,0.0,2.05,1.51,1.2,4.76,False,0,0,0
SHP-0286,Santos,Singapore,Santos -> Singapore,2026-06-11 18:00:00,2026-06-16 22:43:53.296442,2026-06-17 20:56:45.231119,2026-06-20 17:41:09.107060,2026-06-11 18:54:36,,,2026-06-20 20:45:21.107060,1,0,0,0.474,19.82,14.26,12.13,0.91,,0.53,0.41,3.07,False,1,1,0
SHP-0287,Hamburg,Los Angeles,Hamburg -> Los Angeles,2026-04-27 07:00:00,2026-05-02 05:23:47.277092,2026-05-03 07:22:00.193299,2026-05-05 04:21:29.177074,2026-04-27 07:23:24,,2026-05-03 09:22:36.193299,2026-05-05 08:29:17.177074,2,3,1,0.716,34.52,42.14,13.69,0.39,,0.8,2.12,4.13,False,1,0,0
SHP-0288,Los Angeles,Mumbai,Los Angeles -> Mumbai,2026-01-01 05:00:00,2026-01-05 23:39:05.374991,2026-01-07 02:34:51.083399,2026-01-10 12:30:21.109650,2026-01-01 05:26:24,2026-01-06 01:34:17.374991,2026-01-07 06:46:15.083399,2026-01-10 18:42:21.109650,2,2,2,0.895,32.61,33.9,36.54,0.44,1.48,2.27,2.01,6.2,True,0,0,0
SHP-0289,Rotterdam,Sydney,Rotterdam -> Sydney,2026-02-16 16:00:00,2026-02-21 12:02:33.948986,2026-02-22 11:42:58.247640,2026-02-25 21:29:31.291378,2026-02-16 17:00:00,2026-02-21 14:09:45.948986,,2026-02-26 02:29:31.291378,0,2,0,0.052,45.48,14.63,14.63,1.0,1.12,1.32,1.56,5.0,False,0,1,0
SHP-0290,Shanghai,Sydney,Shanghai -> Sydney,2026-02-22 01:00:00,2026-02-26 20:13:42.398257,2026-02-27 20:42:55.211558,2026-03-03 04:33:32.485812,2026-02-22 01:27:00,2026-02-26 20:53:18.398257,2026-02-27 22:03:55.211558,,0,1,0,0.481,27.92,16.95,12.16,0.45,0.21,0.69,0.6,1.95,False,0,0,1
SHP-0291,Sydney,Dubai,Sydney -> Dubai,2026-02-03 09:00:00,2026-02-08 08:15:04.833676,2026-02-09 08:46:11.890535,2026-02-13 06:58:52.203377,2026-02-03 09:51:00,2026-02-08 09:59:28.833676,2026-02-09 12:15:35.890535,2026-02-13 12:46:16.203377,0,3,1,0.306,21.41,28.59,35.51,0.85,0.89,1.75,2.3,5.79,False,0,0,0
SHP-0292,Santos,Shanghai,Santos -> Shanghai,2026-05-16 14:00:00,2026-05-21 15:13:30.194083,2026-05-22 14:36:29.884993,2026-05-25 15:50:01.314460,2026-05-16 14:00:00,2026-05-21 17:02:42.194083,2026-05-22 17:48:29.884993,2026-05-25 20:28:25.314460,3,2,0,0.651,33.06,17.58,43.88,0.0,1.82,1.38,1.44,4.64,False,0,0,0
SHP-0293,Sydney,Santos,Sydney -> Santos,2026-05-29 20:00:00,2026-06-03 18:34:57.017806,2026-06-04 20:38:03.323300,2026-06-09 10:29:37.073033,2026-05-29 20:30:00,,2026-06-05 01:05:03.323300,2026-06-09 17:45:49.073033,3,3,2,0.178,38.33,46.47,22.9,0.5,,2.17,2.82,7.27,True,1,0,0
SHP-0294,Los Angeles,Dubai,Los Angeles -> Dubai,2026-03-01 15:00:00,2026-03-06 19:21:07.090233,2026-03-07 20:41:50.284767,2026-03-09 19:45:46.539205,2026-03-01 15:21:36,2026-03-06 20:18:07.090233,2026-03-07 22:57:26.284767,2026-03-10 01:22:22.539205,1,3,2,0.991,20.69,21.44,15.33,0.36,0.59,1.31,3.35,5.61,False,0,0,0
SHP-0295,Santos,Rotterdam,Santos -> Rotterdam,2026-02-20 09:00:00,2026-02-25 06:00:39.438531,2026-02-26 04:47:11.887262,2026-02-28 21:31:41.559618,2026-02-20 10:06:36,2026-02-25 08:02:27.438531,2026-02-26 08:04:35.887262,2026-03-01 02:11:17.559618,1,2,1,0.396,13.44,45.05,26.65,1.11,0.92,1.26,1.37,4.66,False,0,0,0
SHP-0296,Dubai,Santos,Dubai -> Santos,2026-06-15 18:00:00,2026-06-20 16:07:32.438562,2026-06-21 18:15:08.650307,2026-06-25 16:13:36.334106,2026-06-15 18:54:36,2026-06-20 18:20:08.438562,2026-06-21 21:22:56.650307,2026-06-25 20:32:12.334106,1,1,0,0.161,24.88,39.92,37.02,0.91,1.3,0.92,1.18,4.31,False,0,0,0
SHP-0297,Singapore,Hamburg,Singapore -> Hamburg,2026-01-13 16:00:00,2026-01-18 18:59:05.460845,2026-01-19 20:18:51.406026,2026-01-21 12:14:18.938313,2026-01-13 16:31:48,2026-01-18 20:51:53.460845,,2026-01-21 18:11:54.938313,2,1,3,0.753,35.68,35.43,44.56,0.53,1.35,2.54,1.54,5.96,False,0,1,0
SHP-0298,Hamburg,Rotterdam,Hamburg -> Rotterdam,2026-06-12 11:00:00,2026-06-17 16:25:19.161784,2026-06-18 15:50:41.269643,2026-06-21 18:43:44.724214,2026-06-12 12:07:12,2026-06-17 20:05:31.161784,2026-06-18 23:17:05.269643,2026-06-22 04:38:20.724214,3,0,3,0.316,17.23,47.89,13.09,1.12,2.55,3.77,2.47,9.91,True,0,0,0
SHP-0299,Rotterdam,Singapore,Rotterdam -> Singapore,2026-05-06 21:00:00,2026-05-11 17:16:02.456420,2026-05-12 15:10:16.467264,2026-05-17 20:42:36.832861,2026-05-06 21:59:24,,2026-05-12 20:17:28.467264,2026-05-18 03:43:48.832861,3,2,0,0.191,28.4,45.49,32.23,0.99,,1.61,1.9,7.02,True,1,0,0
SHP-0300,Dubai,Mumbai,Dubai -> Mumbai,2026-01-08 12:00:00,2026-01-13 08:24:52.034319,2026-01-14 07:29:17.224811,2026-01-17 04:50:25.925958,2026-01-08 12:34:12,2026-01-13 10:20:40.034319,,2026-01-17 09:51:37.925958,2,0,2,0.729,24.77,17.88,20.15,0.57,1.36,1.65,1.44,5.02,False,0,1,0
